dataset,strategy,rank,improvability,norm_score
airfoil_self_noise,baseline_tabpfn,1.0,0.0,1.0
airfoil_self_noise,embed-only_catboost,2.0,2.1,0.637
airfoil_self_noise,combined_catboost,3.0,3.5,0.392
airfoil_self_noise,combined_xgboost,4.0,4.0,0.291
airfoil_self_noise,embed-only_xgboost,5.0,5.1,0.096
airfoil_self_noise,combined_lightgbm,6.0,6.1,0.0
airfoil_self_noise,embed-only_lightgbm,7.0,8.1,0.0
airfoil_self_noise,baseline_catboost,8.0,36.5,0.0
airfoil_self_noise,baseline_lightgbm,9.0,40.0,0.0
airfoil_self_noise,baseline_xgboost,10.0,45.0,0.0
amazon_employee_access,baseline_catboost,1.0,0.0,1.0
amazon_employee_access,combined_catboost,2.0,10.9,0.718
amazon_employee_access,baseline_lightgbm,3.0,26.5,0.17
amazon_employee_access,combined_lightgbm,4.0,27.7,0.118
amazon_employee_access,baseline_tabpfn,5.0,29.2,0.053
amazon_employee_access,embed-only_xgboost,6.0,31.4,0.0
amazon_employee_access,embed-only_lightgbm,7.0,31.5,0.0
amazon_employee_access,embed-only_catboost,8.0,33.5,0.0
amazon_employee_access,combined_xgboost,9.0,54.4,0.0
amazon_employee_access,baseline_xgboost,10.0,75.2,0.0
anneal,baseline_catboost,1.0,0.0,1.0
anneal,combined_lightgbm,2.0,94.9,0.866
anneal,combined_xgboost,3.0,99.1,0.24
anneal,embed-only_catboost,4.0,99.2,0.133
anneal,baseline_lightgbm,5.0,99.2,0.06
anneal,combined_catboost,6.0,99.3,0.0
anneal,baseline_tabpfn,7.0,99.4,0.0
anneal,embed-only_lightgbm,8.0,99.6,0.0
anneal,embed-only_xgboost,9.0,99.8,0.0
anneal,baseline_xgboost,10.0,99.9,0.0
another-dataset-on-used-fiat-500,baseline_tabpfn,1.0,0.0,1.0
another-dataset-on-used-fiat-500,combined_catboost,2.0,2.0,0.45
another-dataset-on-used-fiat-500,embed-only_catboost,3.0,3.2,0.105
another-dataset-on-used-fiat-500,baseline_catboost,4.0,3.3,0.061
another-dataset-on-used-fiat-500,combined_lightgbm,5.0,3.3,0.052
another-dataset-on-used-fiat-500,embed-only_lightgbm,6.0,3.7,0.0
another-dataset-on-used-fiat-500,combined_xgboost,7.0,3.9,0.0
another-dataset-on-used-fiat-500,baseline_lightgbm,8.0,4.2,0.0
another-dataset-on-used-fiat-500,baseline_xgboost,9.0,4.6,0.0
another-dataset-on-used-fiat-500,embed-only_xgboost,10.0,6.0,0.0
apsfailure,combined_catboost,1.0,0.0,1.0
apsfailure,baseline_tabpfn,2.0,29.7,0.475
apsfailure,combined_lightgbm,3.0,37.0,0.27
apsfailure,combined_xgboost,4.0,38.9,0.209
apsfailure,baseline_xgboost,5.0,42.7,0.072
apsfailure,embed-only_catboost,6.0,46.3,0.0
apsfailure,embed-only_xgboost,7.0,46.4,0.0
apsfailure,baseline_lightgbm,8.0,47.5,0.0
apsfailure,baseline_catboost,9.0,50.6,0.0
apsfailure,embed-only_lightgbm,10.0,50.9,0.0
bank-marketing,baseline_tabpfn,1.0,0.0,1.0
bank-marketing,baseline_xgboost,2.0,0.2,0.785
bank-marketing,combined_lightgbm,3.0,0.3,0.657
bank-marketing,baseline_lightgbm,4.0,0.5,0.455
bank-marketing,baseline_catboost,5.0,0.6,0.266
bank-marketing,combined_catboost,6.0,1.0,0.0
bank-marketing,combined_xgboost,7.0,1.3,0.0
bank-marketing,embed-only_lightgbm,8.0,1.6,0.0
bank-marketing,embed-only_catboost,9.0,1.8,0.0
bank-marketing,embed-only_xgboost,10.0,2.0,0.0
bank_customer_churn,baseline_tabpfn,1.0,0.0,1.0
bank_customer_churn,combined_catboost,2.0,0.6,0.747
bank_customer_churn,combined_lightgbm,3.0,0.7,0.674
bank_customer_churn,baseline_catboost,4.0,1.8,0.15
bank_customer_churn,embed-only_lightgbm,5.0,1.9,0.114
bank_customer_churn,baseline_lightgbm,6.0,2.4,0.0
bank_customer_churn,combined_xgboost,7.0,3.4,0.0
bank_customer_churn,embed-only_catboost,8.0,3.7,0.0
bank_customer_churn,embed-only_xgboost,9.0,4.0,0.0
bank_customer_churn,baseline_xgboost,10.0,5.6,0.0
bioresponse,baseline_catboost,1.0,0.0,1.0
bioresponse,baseline_xgboost,2.0,1.4,0.689
bioresponse,baseline_lightgbm,3.0,1.5,0.67
bioresponse,combined_lightgbm,4.0,3.9,0.104
bioresponse,baseline_tabpfn,5.0,4.1,0.056
bioresponse,combined_xgboost,6.0,4.6,0.0
bioresponse,combined_catboost,7.0,5.6,0.0
bioresponse,embed-only_xgboost,8.0,26.0,0.0
bioresponse,embed-only_catboost,9.0,28.6,0.0
bioresponse,embed-only_lightgbm,10.0,30.5,0.0
blood-transfusion-service-center,baseline_tabpfn,1.0,0.0,1.0
blood-transfusion-service-center,baseline_catboost,2.0,2.0,0.673
blood-transfusion-service-center,combined_xgboost,3.0,2.1,0.664
blood-transfusion-service-center,combined_lightgbm,4.0,4.4,0.264
blood-transfusion-service-center,baseline_xgboost,5.0,4.7,0.218
blood-transfusion-service-center,combined_catboost,6.0,7.1,0.0
blood-transfusion-service-center,embed-only_catboost,7.0,7.2,0.0
blood-transfusion-service-center,baseline_lightgbm,8.0,7.8,0.0
blood-transfusion-service-center,embed-only_xgboost,9.0,17.5,0.0
blood-transfusion-service-center,embed-only_lightgbm,10.0,24.1,0.0
churn,combined_catboost,1.0,0.0,1.0
churn,embed-only_catboost,2.0,6.0,0.596
churn,combined_lightgbm,3.0,7.7,0.475
churn,embed-only_lightgbm,4.0,10.1,0.288
churn,embed-only_xgboost,5.0,13.2,0.037
churn,combined_xgboost,6.0,14.1,0.0
churn,baseline_tabpfn,7.0,18.3,0.0
churn,baseline_catboost,8.0,18.7,0.0
churn,baseline_lightgbm,9.0,20.2,0.0
churn,baseline_xgboost,10.0,29.7,0.0
coil2000_insurance_policies,baseline_tabpfn,1.0,0.0,1.0
coil2000_insurance_policies,combined_catboost,2.0,3.1,0.659
coil2000_insurance_policies,combined_xgboost,3.0,5.3,0.398
coil2000_insurance_policies,combined_lightgbm,4.0,6.4,0.275
coil2000_insurance_policies,embed-only_catboost,5.0,8.4,0.014
coil2000_insurance_policies,embed-only_xgboost,6.0,8.7,0.0
coil2000_insurance_policies,embed-only_lightgbm,7.0,10.3,0.0
coil2000_insurance_policies,baseline_catboost,8.0,11.0,0.0
coil2000_insurance_policies,baseline_lightgbm,9.0,12.3,0.0
coil2000_insurance_policies,baseline_xgboost,10.0,12.9,0.0
concrete_compressive_strength,baseline_tabpfn,1.0,0.0,1.0
concrete_compressive_strength,baseline_xgboost,2.0,8.0,0.257
concrete_compressive_strength,combined_catboost,3.0,8.7,0.179
concrete_compressive_strength,embed-only_catboost,4.0,9.7,0.078
concrete_compressive_strength,baseline_lightgbm,5.0,10.3,0.01
concrete_compressive_strength,baseline_catboost,6.0,10.5,0.0
concrete_compressive_strength,embed-only_xgboost,7.0,12.3,0.0
concrete_compressive_strength,combined_lightgbm,8.0,13.7,0.0
concrete_compressive_strength,embed-only_lightgbm,9.0,14.4,0.0
concrete_compressive_strength,combined_xgboost,10.0,16.8,0.0
credit-g,baseline_tabpfn,1.0,0.0,1.0
credit-g,combined_lightgbm,2.0,4.6,0.503
credit-g,baseline_xgboost,3.0,6.0,0.333
credit-g,baseline_catboost,4.0,7.7,0.126
credit-g,baseline_lightgbm,5.0,8.6,0.022
credit-g,combined_catboost,6.0,8.9,0.0
credit-g,combined_xgboost,7.0,11.4,0.0
credit-g,embed-only_xgboost,8.0,19.2,0.0
credit-g,embed-only_catboost,9.0,21.8,0.0
credit-g,embed-only_lightgbm,10.0,23.9,0.0
credit_card_clients_default,baseline_tabpfn,1.0,0.0,1.0
credit_card_clients_default,combined_lightgbm,2.0,1.5,0.371
credit_card_clients_default,baseline_xgboost,3.0,1.8,0.222
credit_card_clients_default,combined_catboost,4.0,1.9,0.189
credit_card_clients_default,combined_xgboost,5.0,2.1,0.075
credit_card_clients_default,baseline_lightgbm,6.0,2.5,0.0
credit_card_clients_default,baseline_catboost,7.0,2.9,0.0
credit_card_clients_default,embed-only_lightgbm,8.0,3.3,0.0
credit_card_clients_default,embed-only_xgboost,9.0,4.4,0.0
credit_card_clients_default,embed-only_catboost,10.0,4.6,0.0
customer_satisfaction_in_airline,baseline_tabpfn,1.0,0.0,1.0
customer_satisfaction_in_airline,combined_lightgbm,2.0,7.0,0.451
customer_satisfaction_in_airline,combined_xgboost,3.0,9.6,0.228
customer_satisfaction_in_airline,combined_catboost,4.0,10.8,0.116
customer_satisfaction_in_airline,baseline_lightgbm,5.0,11.6,0.047
customer_satisfaction_in_airline,baseline_catboost,6.0,12.6,0.0
customer_satisfaction_in_airline,embed-only_lightgbm,7.0,22.7,0.0
customer_satisfaction_in_airline,embed-only_xgboost,8.0,22.9,0.0
customer_satisfaction_in_airline,embed-only_catboost,9.0,23.7,0.0
customer_satisfaction_in_airline,baseline_xgboost,10.0,37.5,0.0
diabetes,baseline_xgboost,1.0,0.0,1.0
diabetes,baseline_tabpfn,2.0,2.7,0.747
diabetes,baseline_lightgbm,3.0,4.1,0.617
diabetes,combined_lightgbm,4.0,4.1,0.617
diabetes,baseline_catboost,5.0,7.4,0.279
diabetes,combined_xgboost,6.0,12.4,0.0
diabetes,combined_catboost,7.0,17.6,0.0
diabetes,embed-only_catboost,8.0,22.9,0.0
diabetes,embed-only_lightgbm,9.0,25.2,0.0
diabetes,embed-only_xgboost,10.0,26.8,0.0
diabetes130us,baseline_catboost,1.0,0.0,1.0
diabetes130us,combined_catboost,2.0,0.1,0.971
diabetes130us,baseline_tabpfn,3.0,0.4,0.912
diabetes130us,combined_lightgbm,4.0,2.4,0.492
diabetes130us,baseline_lightgbm,5.0,4.6,0.002
diabetes130us,embed-only_xgboost,6.0,4.6,0.0
diabetes130us,embed-only_lightgbm,7.0,5.0,0.0
diabetes130us,embed-only_catboost,8.0,6.5,0.0
diabetes130us,combined_xgboost,9.0,12.0,0.0
diabetes130us,baseline_xgboost,10.0,14.8,0.0
diamonds,combined_xgboost,1.0,0.0,1.0
diamonds,combined_catboost,2.0,0.1,0.681
diamonds,embed-only_xgboost,3.0,0.2,0.556
diamonds,combined_lightgbm,4.0,0.3,0.26
diamonds,baseline_tabpfn,5.0,0.4,0.046
diamonds,embed-only_catboost,6.0,0.4,0.0
diamonds,embed-only_lightgbm,7.0,1.7,0.0
diamonds,baseline_catboost,8.0,5.9,0.0
diamonds,baseline_lightgbm,9.0,6.1,0.0
diamonds,baseline_xgboost,10.0,7.9,0.0
e-commereshippingdata,combined_lightgbm,1.0,0.0,1.0
e-commereshippingdata,embed-only_lightgbm,2.0,1.9,0.532
e-commereshippingdata,embed-only_xgboost,3.0,2.5,0.373
e-commereshippingdata,baseline_lightgbm,4.0,2.6,0.354
e-commereshippingdata,combined_xgboost,5.0,3.6,0.086
e-commereshippingdata,baseline_tabpfn,6.0,4.2,0.0
e-commereshippingdata,baseline_xgboost,7.0,4.5,0.0
e-commereshippingdata,combined_catboost,8.0,5.1,0.0
e-commereshippingdata,baseline_catboost,9.0,5.5,0.0
e-commereshippingdata,embed-only_catboost,10.0,6.4,0.0
fitness_club,baseline_tabpfn,1.0,0.0,1.0
fitness_club,baseline_lightgbm,2.0,5.2,0.395
fitness_club,baseline_catboost,3.0,6.9,0.179
fitness_club,baseline_xgboost,4.0,7.5,0.102
fitness_club,combined_lightgbm,5.0,8.1,0.028
fitness_club,embed-only_catboost,6.0,8.6,0.0
fitness_club,combined_catboost,7.0,8.6,0.0
fitness_club,embed-only_xgboost,8.0,11.0,0.0
fitness_club,embed-only_lightgbm,9.0,11.3,0.0
fitness_club,combined_xgboost,10.0,12.4,0.0
food_delivery_time,embed-only_catboost,1.0,0.0,1.0
food_delivery_time,combined_lightgbm,2.0,0.1,0.883
food_delivery_time,embed-only_xgboost,3.0,0.1,0.87
food_delivery_time,embed-only_lightgbm,4.0,0.1,0.845
food_delivery_time,combined_catboost,5.0,0.1,0.788
food_delivery_time,baseline_catboost,6.0,1.0,0.0
food_delivery_time,combined_xgboost,7.0,1.2,0.0
food_delivery_time,baseline_tabpfn,8.0,1.5,0.0
food_delivery_time,baseline_lightgbm,9.0,3.2,0.0
food_delivery_time,baseline_xgboost,10.0,8.6,0.0
givemesomecredit,baseline_tabpfn,1.0,0.0,1.0
givemesomecredit,combined_lightgbm,2.0,0.9,0.457
givemesomecredit,combined_xgboost,3.0,1.0,0.444
givemesomecredit,combined_catboost,4.0,1.0,0.414
givemesomecredit,baseline_catboost,5.0,1.7,0.026
givemesomecredit,baseline_lightgbm,6.0,1.8,0.0
givemesomecredit,embed-only_lightgbm,7.0,2.1,0.0
givemesomecredit,baseline_xgboost,8.0,2.1,0.0
givemesomecredit,embed-only_catboost,9.0,2.2,0.0
givemesomecredit,embed-only_xgboost,10.0,2.2,0.0
hazelnut-spread-contaminant-detection,baseline_tabpfn,1.0,0.0,1.0
hazelnut-spread-contaminant-detection,embed-only_lightgbm,2.0,66.2,0.168
hazelnut-spread-contaminant-detection,combined_lightgbm,3.0,66.3,0.165
hazelnut-spread-contaminant-detection,embed-only_catboost,4.0,68.7,0.066
hazelnut-spread-contaminant-detection,combined_xgboost,5.0,69.9,0.013
hazelnut-spread-contaminant-detection,embed-only_xgboost,6.0,70.4,0.0
hazelnut-spread-contaminant-detection,combined_catboost,7.0,74.8,0.0
hazelnut-spread-contaminant-detection,baseline_lightgbm,8.0,78.1,0.0
hazelnut-spread-contaminant-detection,baseline_xgboost,9.0,82.0,0.0
hazelnut-spread-contaminant-detection,baseline_catboost,10.0,83.7,0.0
healthcare_insurance_expenses,baseline_tabpfn,1.0,0.0,1.0
healthcare_insurance_expenses,embed-only_catboost,2.0,1.4,0.259
healthcare_insurance_expenses,combined_lightgbm,3.0,1.4,0.255
healthcare_insurance_expenses,embed-only_xgboost,4.0,1.5,0.208
healthcare_insurance_expenses,combined_xgboost,5.0,1.6,0.179
healthcare_insurance_expenses,embed-only_lightgbm,6.0,2.2,0.0
healthcare_insurance_expenses,combined_catboost,7.0,2.3,0.0
healthcare_insurance_expenses,baseline_xgboost,8.0,4.2,0.0
healthcare_insurance_expenses,baseline_catboost,9.0,4.6,0.0
healthcare_insurance_expenses,baseline_lightgbm,10.0,6.9,0.0
heloc,baseline_tabpfn,1.0,0.0,1.0
heloc,combined_lightgbm,2.0,0.6,0.837
heloc,combined_xgboost,3.0,2.1,0.386
heloc,baseline_lightgbm,4.0,2.2,0.362
heloc,combined_catboost,5.0,2.8,0.183
heloc,baseline_catboost,6.0,4.0,0.0
heloc,baseline_xgboost,7.0,4.3,0.0
heloc,embed-only_catboost,8.0,10.9,0.0
heloc,embed-only_xgboost,9.0,11.2,0.0
heloc,embed-only_lightgbm,10.0,11.3,0.0
hiva_agnostic,combined_lightgbm,1.0,0.0,1.0
hiva_agnostic,embed-only_xgboost,2.0,0.1,0.884
hiva_agnostic,embed-only_lightgbm,3.0,0.2,0.864
hiva_agnostic,embed-only_catboost,4.0,0.2,0.825
hiva_agnostic,baseline_lightgbm,5.0,0.9,0.217
hiva_agnostic,combined_xgboost,6.0,1.4,0.0
hiva_agnostic,baseline_tabpfn,7.0,4.4,0.0
hiva_agnostic,combined_catboost,8.0,4.6,0.0
hiva_agnostic,baseline_catboost,9.0,4.7,0.0
hiva_agnostic,baseline_xgboost,10.0,4.8,0.0
houses,baseline_tabpfn,1.0,0.0,1.0
houses,embed-only_lightgbm,2.0,0.4,0.537
houses,embed-only_catboost,3.0,0.4,0.474
houses,combined_lightgbm,4.0,0.5,0.396
houses,combined_catboost,5.0,0.6,0.231
houses,embed-only_xgboost,6.0,0.9,0.0
houses,combined_xgboost,7.0,1.0,0.0
houses,baseline_lightgbm,8.0,11.8,0.0
houses,baseline_catboost,9.0,13.8,0.0
houses,baseline_xgboost,10.0,14.6,0.0
hr_analytics_job_change_of_data_scientists,baseline_tabpfn,1.0,0.0,1.0
hr_analytics_job_change_of_data_scientists,baseline_catboost,2.0,2.1,0.445
hr_analytics_job_change_of_data_scientists,embed-only_lightgbm,3.0,2.2,0.436
hr_analytics_job_change_of_data_scientists,embed-only_catboost,4.0,2.3,0.395
hr_analytics_job_change_of_data_scientists,baseline_lightgbm,5.0,3.6,0.055
hr_analytics_job_change_of_data_scientists,combined_lightgbm,6.0,4.0,0.0
hr_analytics_job_change_of_data_scientists,embed-only_xgboost,7.0,4.1,0.0
hr_analytics_job_change_of_data_scientists,combined_catboost,8.0,5.8,0.0
hr_analytics_job_change_of_data_scientists,baseline_xgboost,9.0,8.1,0.0
hr_analytics_job_change_of_data_scientists,combined_xgboost,10.0,19.4,0.0
in_vehicle_coupon_recommendation,baseline_tabpfn,1.0,0.0,1.0
in_vehicle_coupon_recommendation,baseline_xgboost,2.0,1.6,0.772
in_vehicle_coupon_recommendation,baseline_catboost,3.0,2.2,0.688
in_vehicle_coupon_recommendation,baseline_lightgbm,4.0,2.6,0.626
in_vehicle_coupon_recommendation,combined_xgboost,5.0,6.1,0.092
in_vehicle_coupon_recommendation,combined_lightgbm,6.0,7.3,0.0
in_vehicle_coupon_recommendation,combined_catboost,7.0,9.4,0.0
in_vehicle_coupon_recommendation,embed-only_xgboost,8.0,17.1,0.0
in_vehicle_coupon_recommendation,embed-only_lightgbm,9.0,17.1,0.0
in_vehicle_coupon_recommendation,embed-only_catboost,10.0,18.8,0.0
is-this-a-good-customer,baseline_tabpfn,1.0,0.0,1.0
is-this-a-good-customer,baseline_lightgbm,2.0,0.9,0.934
is-this-a-good-customer,combined_catboost,3.0,5.4,0.597
is-this-a-good-customer,embed-only_lightgbm,4.0,9.8,0.229
is-this-a-good-customer,baseline_catboost,5.0,12.1,0.029
is-this-a-good-customer,combined_lightgbm,6.0,12.7,0.0
is-this-a-good-customer,baseline_xgboost,7.0,15.4,0.0
is-this-a-good-customer,combined_xgboost,8.0,19.2,0.0
is-this-a-good-customer,embed-only_catboost,9.0,21.4,0.0
is-this-a-good-customer,embed-only_xgboost,10.0,23.7,0.0
jm1,baseline_tabpfn,1.0,0.0,1.0
jm1,combined_xgboost,2.0,5.6,0.261
jm1,combined_lightgbm,3.0,6.1,0.184
jm1,embed-only_xgboost,4.0,6.7,0.102
jm1,embed-only_catboost,5.0,7.1,0.044
jm1,combined_catboost,6.0,7.7,0.0
jm1,embed-only_lightgbm,7.0,8.3,0.0
jm1,baseline_xgboost,8.0,13.5,0.0
jm1,baseline_lightgbm,9.0,14.7,0.0
jm1,baseline_catboost,10.0,15.8,0.0
kddcup09_appetency,combined_catboost,1.0,0.0,1.0
kddcup09_appetency,baseline_catboost,2.0,0.2,0.964
kddcup09_appetency,combined_xgboost,3.0,2.2,0.631
kddcup09_appetency,combined_lightgbm,4.0,4.7,0.165
kddcup09_appetency,baseline_xgboost,5.0,5.3,0.058
kddcup09_appetency,baseline_tabpfn,6.0,5.9,0.0
kddcup09_appetency,baseline_lightgbm,7.0,6.2,0.0
kddcup09_appetency,embed-only_catboost,8.0,7.4,0.0
kddcup09_appetency,embed-only_xgboost,9.0,9.8,0.0
kddcup09_appetency,embed-only_lightgbm,10.0,10.2,0.0
marketing_campaign,combined_lightgbm,1.0,0.0,1.0
marketing_campaign,embed-only_xgboost,2.0,4.3,0.674
marketing_campaign,baseline_tabpfn,3.0,7.7,0.393
marketing_campaign,combined_catboost,4.0,8.3,0.342
marketing_campaign,combined_xgboost,5.0,8.5,0.317
marketing_campaign,baseline_lightgbm,6.0,15.3,0.0
marketing_campaign,embed-only_lightgbm,7.0,17.2,0.0
marketing_campaign,embed-only_catboost,8.0,19.3,0.0
marketing_campaign,baseline_catboost,9.0,22.6,0.0
marketing_campaign,baseline_xgboost,10.0,31.6,0.0
maternal_health_risk,baseline_tabpfn,1.0,0.0,1.0
maternal_health_risk,baseline_lightgbm,2.0,13.5,0.312
maternal_health_risk,baseline_catboost,3.0,15.0,0.223
maternal_health_risk,baseline_xgboost,4.0,17.5,0.062
maternal_health_risk,combined_catboost,5.0,18.4,0.003
maternal_health_risk,embed-only_catboost,6.0,18.5,0.0
maternal_health_risk,combined_lightgbm,7.0,19.5,0.0
maternal_health_risk,embed-only_lightgbm,8.0,22.5,0.0
maternal_health_risk,embed-only_xgboost,9.0,22.8,0.0
maternal_health_risk,combined_xgboost,10.0,24.5,0.0
miami_housing,combined_catboost,1.0,0.0,1.0
miami_housing,combined_xgboost,2.0,1.2,0.53
miami_housing,combined_lightgbm,3.0,2.1,0.149
miami_housing,embed-only_lightgbm,4.0,2.2,0.114
miami_housing,baseline_tabpfn,5.0,2.4,0.011
miami_housing,baseline_catboost,6.0,2.5,0.0
miami_housing,embed-only_catboost,7.0,2.9,0.0
miami_housing,embed-only_xgboost,8.0,4.5,0.0
miami_housing,baseline_lightgbm,9.0,5.4,0.0
miami_housing,baseline_xgboost,10.0,6.2,0.0
mic,baseline_catboost,1.0,0.0,1.0
mic,combined_catboost,2.0,1.1,0.384
mic,combined_xgboost,3.0,1.2,0.338
mic,baseline_lightgbm,4.0,1.2,0.305
mic,combined_lightgbm,5.0,1.6,0.101
mic,baseline_xgboost,6.0,2.0,0.0
mic,baseline_tabpfn,7.0,2.9,0.0
mic,embed-only_catboost,8.0,5.5,0.0
mic,embed-only_xgboost,9.0,6.2,0.0
mic,embed-only_lightgbm,10.0,7.0,0.0
naticusdroid,baseline_tabpfn,1.0,0.0,1.0
naticusdroid,baseline_lightgbm,2.0,18.5,0.426
naticusdroid,baseline_catboost,3.0,18.9,0.41
naticusdroid,baseline_xgboost,4.0,21.2,0.316
naticusdroid,combined_lightgbm,5.0,22.0,0.283
naticusdroid,combined_catboost,6.0,33.6,0.0
naticusdroid,combined_xgboost,7.0,35.3,0.0
naticusdroid,embed-only_lightgbm,8.0,43.2,0.0
naticusdroid,embed-only_xgboost,9.0,49.4,0.0
naticusdroid,embed-only_catboost,10.0,49.7,0.0
online_shoppers_intention,baseline_tabpfn,1.0,0.0,1.0
online_shoppers_intention,combined_lightgbm,2.0,1.9,0.66
online_shoppers_intention,combined_catboost,3.0,4.4,0.203
online_shoppers_intention,combined_xgboost,4.0,4.5,0.182
online_shoppers_intention,baseline_lightgbm,5.0,4.8,0.139
online_shoppers_intention,embed-only_catboost,6.0,6.2,0.0
online_shoppers_intention,embed-only_xgboost,7.0,6.4,0.0
online_shoppers_intention,baseline_xgboost,8.0,7.1,0.0
online_shoppers_intention,embed-only_lightgbm,9.0,7.4,0.0
online_shoppers_intention,baseline_catboost,10.0,8.2,0.0
physiochemical_protein,combined_catboost,1.0,0.0,1.0
physiochemical_protein,embed-only_catboost,2.0,0.1,0.831
physiochemical_protein,combined_lightgbm,3.0,0.3,0.278
physiochemical_protein,embed-only_lightgbm,4.0,0.3,0.205
physiochemical_protein,combined_xgboost,5.0,0.3,0.168
physiochemical_protein,baseline_tabpfn,6.0,0.4,0.0
physiochemical_protein,embed-only_xgboost,7.0,0.5,0.0
physiochemical_protein,baseline_xgboost,8.0,16.1,0.0
physiochemical_protein,baseline_lightgbm,9.0,16.7,0.0
physiochemical_protein,baseline_catboost,10.0,18.4,0.0
polish_companies_bankruptcy,combined_lightgbm,1.0,0.0,1.0
polish_companies_bankruptcy,combined_xgboost,2.0,5.9,0.7
polish_companies_bankruptcy,embed-only_lightgbm,3.0,12.3,0.329
polish_companies_bankruptcy,baseline_tabpfn,4.0,12.5,0.314
polish_companies_bankruptcy,embed-only_xgboost,5.0,13.0,0.286
polish_companies_bankruptcy,embed-only_catboost,6.0,21.2,0.0
polish_companies_bankruptcy,combined_catboost,7.0,27.4,0.0
polish_companies_bankruptcy,baseline_lightgbm,8.0,61.9,0.0
polish_companies_bankruptcy,baseline_catboost,9.0,68.7,0.0
polish_companies_bankruptcy,baseline_xgboost,10.0,68.7,0.0
qsar-biodeg,baseline_tabpfn,1.0,0.0,1.0
qsar-biodeg,baseline_lightgbm,2.0,1.7,0.935
qsar-biodeg,baseline_catboost,3.0,5.7,0.769
qsar-biodeg,baseline_xgboost,4.0,8.4,0.648
qsar-biodeg,combined_lightgbm,5.0,20.0,0.037
qsar-biodeg,combined_catboost,6.0,21.2,0.0
qsar-biodeg,combined_xgboost,7.0,28.5,0.0
qsar-biodeg,embed-only_catboost,8.0,48.2,0.0
qsar-biodeg,embed-only_lightgbm,9.0,50.5,0.0
qsar-biodeg,embed-only_xgboost,10.0,51.6,0.0
qsar-tid-11,embed-only_xgboost,1.0,0.0,1.0
qsar-tid-11,embed-only_catboost,2.0,0.0,0.991
qsar-tid-11,combined_catboost,3.0,0.0,0.918
qsar-tid-11,combined_xgboost,4.0,0.1,0.818
qsar-tid-11,baseline_tabpfn,5.0,0.4,0.065
qsar-tid-11,combined_lightgbm,6.0,0.4,0.0
qsar-tid-11,embed-only_lightgbm,7.0,0.5,0.0
qsar-tid-11,baseline_xgboost,8.0,4.1,0.0
qsar-tid-11,baseline_lightgbm,9.0,4.2,0.0
qsar-tid-11,baseline_catboost,10.0,6.2,0.0
qsar_fish_toxicity,baseline_tabpfn,1.0,0.0,1.0
qsar_fish_toxicity,combined_xgboost,2.0,5.1,0.13
qsar_fish_toxicity,embed-only_catboost,3.0,5.3,0.11
qsar_fish_toxicity,combined_lightgbm,4.0,5.6,0.051
qsar_fish_toxicity,embed-only_lightgbm,5.0,5.7,0.027
qsar_fish_toxicity,combined_catboost,6.0,6.0,0.0
qsar_fish_toxicity,embed-only_xgboost,7.0,6.6,0.0
qsar_fish_toxicity,baseline_catboost,8.0,9.1,0.0
qsar_fish_toxicity,baseline_lightgbm,9.0,9.6,0.0
qsar_fish_toxicity,baseline_xgboost,10.0,10.1,0.0
sdss17,combined_lightgbm,1.0,0.0,1.0
sdss17,combined_xgboost,2.0,1.0,0.745
sdss17,baseline_tabpfn,3.0,1.8,0.556
sdss17,combined_catboost,4.0,3.2,0.188
sdss17,embed-only_lightgbm,5.0,3.3,0.158
sdss17,embed-only_xgboost,6.0,4.5,0.0
sdss17,embed-only_catboost,7.0,6.3,0.0
sdss17,baseline_lightgbm,8.0,16.9,0.0
sdss17,baseline_catboost,9.0,17.3,0.0
sdss17,baseline_xgboost,10.0,19.4,0.0
seismic-bumps,baseline_xgboost,1.0,0.0,1.0
seismic-bumps,combined_xgboost,2.0,1.8,0.723
seismic-bumps,embed-only_lightgbm,3.0,4.2,0.327
seismic-bumps,baseline_tabpfn,4.0,5.4,0.133
seismic-bumps,combined_lightgbm,5.0,5.8,0.056
seismic-bumps,embed-only_catboost,6.0,6.4,0.0
seismic-bumps,baseline_catboost,7.0,7.8,0.0
seismic-bumps,combined_catboost,8.0,11.4,0.0
seismic-bumps,baseline_lightgbm,9.0,11.6,0.0
seismic-bumps,embed-only_xgboost,10.0,13.6,0.0
splice,baseline_lightgbm,1.0,0.0,1.0
splice,combined_lightgbm,2.0,8.3,0.568
splice,baseline_catboost,3.0,8.4,0.562
splice,baseline_tabpfn,4.0,10.7,0.423
splice,combined_catboost,5.0,12.5,0.314
splice,embed-only_lightgbm,6.0,21.5,0.0
splice,embed-only_xgboost,7.0,25.9,0.0
splice,embed-only_catboost,8.0,26.3,0.0
splice,combined_xgboost,9.0,65.9,0.0
splice,baseline_xgboost,10.0,83.5,0.0
students_dropout_and_academic_success,combined_lightgbm,1.0,0.0,1.0
students_dropout_and_academic_success,combined_catboost,2.0,0.6,0.829
students_dropout_and_academic_success,baseline_tabpfn,3.0,0.9,0.73
students_dropout_and_academic_success,baseline_lightgbm,4.0,2.6,0.226
students_dropout_and_academic_success,baseline_catboost,5.0,2.7,0.187
students_dropout_and_academic_success,embed-only_catboost,6.0,3.9,0.0
students_dropout_and_academic_success,embed-only_lightgbm,7.0,3.9,0.0
students_dropout_and_academic_success,embed-only_xgboost,8.0,4.4,0.0
students_dropout_and_academic_success,baseline_xgboost,9.0,5.9,0.0
students_dropout_and_academic_success,combined_xgboost,10.0,6.1,0.0
superconductivity,combined_catboost,1.0,0.0,1.0
superconductivity,embed-only_catboost,2.0,0.4,0.789
superconductivity,embed-only_lightgbm,3.0,1.8,0.112
superconductivity,embed-only_xgboost,4.0,1.8,0.099
superconductivity,combined_xgboost,5.0,1.9,0.071
superconductivity,combined_lightgbm,6.0,2.2,0.0
superconductivity,baseline_tabpfn,7.0,2.6,0.0
superconductivity,baseline_xgboost,8.0,6.7,0.0
superconductivity,baseline_lightgbm,9.0,6.8,0.0
superconductivity,baseline_catboost,10.0,7.8,0.0
taiwanese_bankruptcy_prediction,embed-only_catboost,1.0,0.0,1.0
taiwanese_bankruptcy_prediction,combined_xgboost,2.0,1.3,0.913
taiwanese_bankruptcy_prediction,embed-only_xgboost,3.0,4.2,0.712
taiwanese_bankruptcy_prediction,baseline_xgboost,4.0,10.9,0.204
taiwanese_bankruptcy_prediction,embed-only_lightgbm,5.0,13.1,0.018
taiwanese_bankruptcy_prediction,baseline_tabpfn,6.0,13.5,0.0
taiwanese_bankruptcy_prediction,baseline_lightgbm,7.0,13.8,0.0
taiwanese_bankruptcy_prediction,combined_catboost,8.0,14.1,0.0
taiwanese_bankruptcy_prediction,combined_lightgbm,9.0,16.3,0.0
taiwanese_bankruptcy_prediction,baseline_catboost,10.0,30.1,0.0
website_phishing,baseline_lightgbm,1.0,0.0,1.0
website_phishing,baseline_tabpfn,2.0,4.0,0.791
website_phishing,combined_lightgbm,3.0,12.8,0.263
website_phishing,baseline_xgboost,4.0,15.9,0.047
website_phishing,combined_xgboost,5.0,16.6,0.001
website_phishing,combined_catboost,6.0,16.6,0.0
website_phishing,embed-only_lightgbm,7.0,17.7,0.0
website_phishing,embed-only_xgboost,8.0,21.8,0.0
website_phishing,baseline_catboost,9.0,23.2,0.0
website_phishing,embed-only_catboost,10.0,33.1,0.0
wine_quality,embed-only_xgboost,1.0,0.0,1.0
wine_quality,baseline_tabpfn,2.0,0.0,0.921
wine_quality,combined_lightgbm,3.0,0.0,0.9
wine_quality,combined_catboost,4.0,0.2,0.319
wine_quality,combined_xgboost,5.0,0.2,0.238
wine_quality,embed-only_lightgbm,6.0,0.3,0.0
wine_quality,embed-only_catboost,7.0,1.2,0.0
wine_quality,baseline_catboost,8.0,2.4,0.0
wine_quality,baseline_lightgbm,9.0,3.0,0.0
wine_quality,baseline_xgboost,10.0,3.7,0.0
