dataset,task_type,algorithm,mode,dataset_samples_count,dataset_raw_features_count,pca_n_components,feat_total_count,feat_share_embedded_pct,feat_share_raw_pct,primary_metric,eval_primary_value,secondary_metric,eval_secondary_value
airfoil_self_noise,regression,catboost,raw-only,1503,5,57.0,5.0,0.0,100.0,RMSE,1.4136003721667567,R2_Score,0.9592957379183208
airfoil_self_noise,regression,lightgbm,raw-only,1503,5,57.0,5.0,0.0,100.0,RMSE,1.4960036093260016,R2_Score,0.9544118606725344
airfoil_self_noise,regression,xgboost,raw-only,1503,5,57.0,5.0,0.0,100.0,RMSE,1.6314255050743638,R2_Score,0.945784798095739
airfoil_self_noise,regression,catboost,combined,1503,5,57.0,62.0,99.5643032651196,0.4356967348804296,RMSE,0.9296917662473796,R2_Score,0.9823938436764662
airfoil_self_noise,regression,lightgbm,combined,1503,5,57.0,62.0,93.67394000861626,6.326059991383743,RMSE,0.955547152839702,R2_Score,0.981400947091804
airfoil_self_noise,regression,xgboost,combined,1503,5,57.0,62.0,99.17672524526108,0.8232747547389283,RMSE,0.935045059904032,R2_Score,0.9821905025620856
airfoil_self_noise,regression,catboost,embed-only,1503,5,57.0,57.0,100.0,0.0,RMSE,0.9167406931194618,R2_Score,0.9828809522415762
airfoil_self_noise,regression,lightgbm,embed-only,1503,5,57.0,57.0,100.00000000000006,0.0,RMSE,0.9769897775607916,R2_Score,0.9805568501417876
airfoil_self_noise,regression,xgboost,embed-only,1503,5,57.0,57.0,99.99999999999996,0.0,RMSE,0.9453372415693512,R2_Score,0.9817962811743816
amazon_employee_access,binary,catboost,raw-only,32769,9,52.0,9.0,0.0,100.0,1-AUROC,0.1040011536859195,Accuracy,0.9574305767470248
amazon_employee_access,binary,lightgbm,raw-only,32769,9,52.0,9.0,0.0,100.0,1-AUROC,0.1415215835407475,Accuracy,0.954684162343607
amazon_employee_access,binary,xgboost,raw-only,32769,9,52.0,9.0,0.0,100.0,1-AUROC,0.4185837437108093,Accuracy,0.941867561794324
amazon_employee_access,binary,catboost,combined,32769,9,52.0,61.0,77.06455565402113,22.9354443459789,1-AUROC,0.1167312232275431,Accuracy,0.9539212694537686
amazon_employee_access,binary,lightgbm,combined,32769,9,52.0,61.0,13.429927719440403,86.57007228055959,1-AUROC,0.1438603612746092,Accuracy,0.9514800122062862
amazon_employee_access,binary,xgboost,combined,32769,9,52.0,61.0,45.63655077780366,54.36344922219633,1-AUROC,0.2278318182303739,Accuracy,0.9421727189502592
amazon_employee_access,binary,catboost,embed-only,32769,9,52.0,52.0,100.0,0.0,1-AUROC,0.156492367513059,Accuracy,0.9504119621605128
amazon_employee_access,binary,lightgbm,embed-only,32769,9,52.0,52.0,100.0,0.0,1-AUROC,0.151934026257037,Accuracy,0.9494964906927068
amazon_employee_access,binary,xgboost,embed-only,32769,9,52.0,52.0,100.00000000000004,0.0,1-AUROC,0.1515904842276179,Accuracy,0.9510222764723832
anneal,multiclass,catboost,raw-only,890,38,32.0,38.0,0.0,100.00000000000004,Log_Loss,2.6449223512738805e-05,Accuracy,1.0
anneal,multiclass,lightgbm,raw-only,890,38,32.0,38.0,0.0,100.0,Log_Loss,0.0034430331732115,Accuracy,1.0
anneal,multiclass,xgboost,raw-only,890,38,32.0,38.0,0.0,100.0,Log_Loss,0.0340695157647132,Accuracy,1.0
anneal,multiclass,catboost,combined,890,38,32.0,70.0,76.6701636063047,23.32983639369528,Log_Loss,0.0038829505787166,Accuracy,1.0
anneal,multiclass,lightgbm,combined,890,38,32.0,70.0,52.391724033871576,47.60827596612842,Log_Loss,0.0005144477509111,Accuracy,1.0
anneal,multiclass,xgboost,combined,890,38,32.0,70.0,61.21935498229861,38.78064501770139,Log_Loss,0.0027889150660485,Accuracy,1.0
anneal,multiclass,catboost,embed-only,890,38,32.0,32.0,100.00000000000004,0.0,Log_Loss,0.0031805642411232,Accuracy,1.0
anneal,multiclass,lightgbm,embed-only,890,38,32.0,32.0,100.00000000000004,0.0,Log_Loss,0.0060485328301355,Accuracy,1.0
anneal,multiclass,xgboost,embed-only,890,38,32.0,32.0,100.0,0.0,Log_Loss,0.0116606457158923,Accuracy,0.99438202247191
another-dataset-on-used-fiat-500,regression,catboost,raw-only,1538,7,54.0,7.0,0.0,100.0,RMSE,752.5103457544276,R2_Score,0.8626041856597904
another-dataset-on-used-fiat-500,regression,lightgbm,raw-only,1538,7,54.0,7.0,0.0,100.00000000000004,RMSE,759.1343699082655,R2_Score,0.860174667275043
another-dataset-on-used-fiat-500,regression,xgboost,raw-only,1538,7,54.0,7.0,0.0,100.0,RMSE,762.6126575521004,R2_Score,0.8588903967706936
another-dataset-on-used-fiat-500,regression,catboost,combined,1538,7,54.0,61.0,72.79586425165077,27.20413574834924,RMSE,742.1677482979692,R2_Score,0.866355002382847
another-dataset-on-used-fiat-500,regression,lightgbm,combined,1538,7,54.0,61.0,54.74253883133965,45.25746116866035,RMSE,752.7460609542617,R2_Score,0.8625180968655798
another-dataset-on-used-fiat-500,regression,xgboost,combined,1538,7,54.0,61.0,76.09043626952754,23.90956373047245,RMSE,757.0791377173452,R2_Score,0.8609307508562409
another-dataset-on-used-fiat-500,regression,catboost,embed-only,1538,7,54.0,54.0,100.0,0.0,RMSE,751.3263777461967,R2_Score,0.863036191089979
another-dataset-on-used-fiat-500,regression,lightgbm,embed-only,1538,7,54.0,54.0,99.99999999999996,0.0,RMSE,755.5008640207157,R2_Score,0.8615099784260676
another-dataset-on-used-fiat-500,regression,xgboost,embed-only,1538,7,54.0,54.0,100.00000000000004,0.0,RMSE,773.8454212607724,R2_Score,0.8547028864468398
apsfailure,binary,catboost,raw-only,76000,170,41.0,170.0,0.0,99.99999999999994,1-AUROC,0.0063541952185168,Accuracy,0.9949342105263158
apsfailure,binary,lightgbm,raw-only,76000,170,41.0,170.0,0.0,100.0,1-AUROC,0.0059693619613218,Accuracy,0.9950657894736842
apsfailure,binary,xgboost,raw-only,76000,170,41.0,170.0,0.0,99.99999999999996,1-AUROC,0.0054791533424698,Accuracy,0.995328947368421
apsfailure,binary,catboost,combined,76000,170,41.0,211.0,51.35637572083776,48.64362427916223,1-AUROC,0.0031368966042332,Accuracy,0.9946052631578948
apsfailure,binary,lightgbm,combined,76000,170,41.0,211.0,32.33142624697844,67.66857375302146,1-AUROC,0.0049800517740216,Accuracy,0.9942105263157894
apsfailure,binary,xgboost,combined,76000,170,41.0,211.0,57.00938472205692,42.9906152779431,1-AUROC,0.0051339119841632,Accuracy,0.9941447368421052
apsfailure,binary,catboost,embed-only,76000,170,41.0,41.0,100.0,0.0,1-AUROC,0.0058415714938327,Accuracy,0.994407894736842
apsfailure,binary,lightgbm,embed-only,76000,170,41.0,41.0,100.0,0.0,1-AUROC,0.0063827013857165,Accuracy,0.9930263157894736
apsfailure,binary,xgboost,embed-only,76000,170,41.0,41.0,100.0,0.0,1-AUROC,0.0058533881528856,Accuracy,0.9938157894736842
bank-marketing,binary,catboost,raw-only,45211,13,28.0,13.0,0.0,100.00000000000004,1-AUROC,0.2245508769396303,Accuracy,0.8960521950680084
bank-marketing,binary,lightgbm,raw-only,45211,13,28.0,13.0,0.0,100.0,1-AUROC,0.2241993198494815,Accuracy,0.8962733606104168
bank-marketing,binary,xgboost,raw-only,45211,13,28.0,13.0,0.0,100.0,1-AUROC,0.223583562279463,Accuracy,0.8961627778392126
bank-marketing,binary,catboost,combined,45211,13,28.0,41.0,65.74676570166311,34.253234298336906,1-AUROC,0.2255434042800004,Accuracy,0.8941722879575362
bank-marketing,binary,lightgbm,combined,45211,13,28.0,41.0,52.77610930707545,47.22389069292453,1-AUROC,0.2238212480158331,Accuracy,0.8954992812119872
bank-marketing,binary,xgboost,combined,45211,13,28.0,41.0,60.38246095257712,39.617539047422845,1-AUROC,0.2260774869704893,Accuracy,0.8951675328983745
bank-marketing,binary,catboost,embed-only,45211,13,28.0,28.0,100.0,0.0,1-AUROC,0.2272599971828085,Accuracy,0.8945040362711489
bank-marketing,binary,lightgbm,embed-only,45211,13,28.0,28.0,100.0,0.0,1-AUROC,0.2269246566991748,Accuracy,0.8938405396439235
bank-marketing,binary,xgboost,embed-only,45211,13,28.0,28.0,100.0,0.0,1-AUROC,0.2276346363041289,Accuracy,0.8950569501271702
bank_customer_churn,binary,catboost,raw-only,10000,10,20.0,10.0,0.0,100.0,1-AUROC,0.1248752604684807,Accuracy,0.8745
bank_customer_churn,binary,lightgbm,raw-only,10000,10,20.0,10.0,0.0,100.0,1-AUROC,0.1255847527033968,Accuracy,0.8735
bank_customer_churn,binary,xgboost,raw-only,10000,10,20.0,10.0,0.0,100.0,1-AUROC,0.1299203672085028,Accuracy,0.8695
bank_customer_churn,binary,catboost,combined,10000,10,20.0,30.0,66.41512761294038,33.584872387059605,1-AUROC,0.1232711910678011,Accuracy,0.87
bank_customer_churn,binary,lightgbm,combined,10000,10,20.0,30.0,67.14973193433687,32.85026806566314,1-AUROC,0.1234686149940387,Accuracy,0.871
bank_customer_churn,binary,xgboost,combined,10000,10,20.0,30.0,65.26005534648137,34.73994465351865,1-AUROC,0.1268865167170253,Accuracy,0.8685
bank_customer_churn,binary,catboost,embed-only,10000,10,20.0,20.0,100.0,0.0,1-AUROC,0.1273307205510593,Accuracy,0.866
bank_customer_churn,binary,lightgbm,embed-only,10000,10,20.0,20.0,100.0,0.0,1-AUROC,0.1249739724315994,Accuracy,0.8695
bank_customer_churn,binary,xgboost,embed-only,10000,10,20.0,20.0,99.99999999999996,0.0,1-AUROC,0.1276469073079242,Accuracy,0.8645
bioresponse,binary,catboost,raw-only,3751,1776,54.0,1776.0,0.0,100.00000000000044,1-AUROC,0.1231286783612365,Accuracy,0.7989347536617842
bioresponse,binary,lightgbm,raw-only,3751,1776,54.0,1776.0,0.0,99.99999999999996,1-AUROC,0.1249714302039883,Accuracy,0.7829560585885486
bioresponse,binary,xgboost,raw-only,3751,1776,54.0,1776.0,0.0,100.00000000000006,1-AUROC,0.1248642934689446,Accuracy,0.7869507323568575
bioresponse,binary,catboost,combined,3751,1776,54.0,1830.0,32.89665318031446,67.10334681968526,1-AUROC,0.1304639734872292,Accuracy,0.7869507323568575
bioresponse,binary,lightgbm,combined,3751,1776,54.0,1830.0,16.748017537378054,83.25198246262202,1-AUROC,0.1281283926632763,Accuracy,0.7896138482023968
bioresponse,binary,xgboost,combined,3751,1776,54.0,1830.0,39.37491790129832,60.62508209870168,1-AUROC,0.1290211987886406,Accuracy,0.7922769640479361
bioresponse,binary,catboost,embed-only,3751,1776,54.0,54.0,99.99999999999996,0.0,1-AUROC,0.1723615793383235,Accuracy,0.7576564580559254
bioresponse,binary,lightgbm,embed-only,3751,1776,54.0,54.0,99.99999999999996,0.0,1-AUROC,0.1770470258842352,Accuracy,0.7456724367509987
bioresponse,binary,xgboost,embed-only,3751,1776,54.0,54.0,100.0,0.0,1-AUROC,0.1663762070738814,Accuracy,0.7523302263648469
blood-transfusion-service-center,binary,catboost,raw-only,748,4,22.0,4.0,0.0,100.0,1-AUROC,0.2191764132553606,Accuracy,0.78
blood-transfusion-service-center,binary,lightgbm,raw-only,748,4,22.0,4.0,0.0,100.0,1-AUROC,0.2330653021442494,Accuracy,0.76
blood-transfusion-service-center,binary,xgboost,raw-only,748,4,22.0,4.0,0.0,100.0,1-AUROC,0.2252680311890839,Accuracy,0.7666666666666667
blood-transfusion-service-center,binary,catboost,combined,748,4,22.0,26.0,78.28523296425905,21.714767035740973,1-AUROC,0.231115984405458,Accuracy,0.78
blood-transfusion-service-center,binary,lightgbm,combined,748,4,22.0,26.0,66.99812134054518,33.00187865945481,1-AUROC,0.2246588693957114,Accuracy,0.76
blood-transfusion-service-center,binary,xgboost,combined,748,4,22.0,26.0,66.48821009854467,33.51178990145533,1-AUROC,0.2192982456140351,Accuracy,0.76
blood-transfusion-service-center,binary,catboost,embed-only,748,4,22.0,22.0,100.0,0.0,1-AUROC,0.231359649122807,Accuracy,0.7733333333333333
blood-transfusion-service-center,binary,lightgbm,embed-only,748,4,22.0,22.0,99.99999999999996,0.0,1-AUROC,0.2831384015594542,Accuracy,0.76
blood-transfusion-service-center,binary,xgboost,embed-only,748,4,22.0,22.0,100.0,0.0,1-AUROC,0.2603557504873294,Accuracy,0.78
churn,binary,catboost,raw-only,5000,19,20.0,19.0,0.0,100.0,1-AUROC,0.086320065390236,Accuracy,0.96
churn,binary,lightgbm,raw-only,5000,19,20.0,19.0,0.0,100.00000000000004,1-AUROC,0.0880208720349408,Accuracy,0.949
churn,binary,xgboost,raw-only,5000,19,20.0,19.0,0.0,100.0,1-AUROC,0.0998769804902617,Accuracy,0.953
churn,binary,catboost,combined,5000,19,20.0,39.0,79.38001346898979,20.619986531010216,1-AUROC,0.0702119403231532,Accuracy,0.972
churn,binary,lightgbm,combined,5000,19,20.0,39.0,84.42989193076033,15.570108069239652,1-AUROC,0.0760326620926526,Accuracy,0.973
churn,binary,xgboost,combined,5000,19,20.0,39.0,90.51116623360164,9.488833766398368,1-AUROC,0.0817130260322491,Accuracy,0.972
churn,binary,catboost,embed-only,5000,19,20.0,20.0,100.0,0.0,1-AUROC,0.0746951345371081,Accuracy,0.972
churn,binary,lightgbm,embed-only,5000,19,20.0,20.0,100.00000000000004,0.0,1-AUROC,0.0781050041694532,Accuracy,0.971
churn,binary,xgboost,embed-only,5000,19,20.0,20.0,100.0,0.0,1-AUROC,0.0808956480816387,Accuracy,0.972
coil2000_insurance_policies,binary,catboost,raw-only,9822,85,57.0,85.0,0.0,100.0,1-AUROC,0.2556610056610058,Accuracy,0.9414758269720102
coil2000_insurance_policies,binary,lightgbm,raw-only,9822,85,57.0,85.0,0.0,99.99999999999996,1-AUROC,0.2594673844673845,Accuracy,0.9399491094147584
coil2000_insurance_policies,binary,xgboost,raw-only,9822,85,57.0,85.0,0.0,100.0,1-AUROC,0.2614376364376365,Accuracy,0.9404580152671757
coil2000_insurance_policies,binary,catboost,combined,9822,85,57.0,142.0,59.944406007598445,40.0555939924016,1-AUROC,0.2348808598808598,Accuracy,0.9399491094147584
coil2000_insurance_policies,binary,lightgbm,combined,9822,85,57.0,142.0,53.03413962566258,46.96586037433747,1-AUROC,0.243067118067118,Accuracy,0.9404580152671757
coil2000_insurance_policies,binary,xgboost,combined,9822,85,57.0,142.0,71.29628623927796,28.703713760722074,1-AUROC,0.2404401154401154,Accuracy,0.9399491094147584
coil2000_insurance_policies,binary,catboost,embed-only,9822,85,57.0,57.0,100.0,0.0,1-AUROC,0.2486032486032486,Accuracy,0.9399491094147584
coil2000_insurance_policies,binary,lightgbm,embed-only,9822,85,57.0,57.0,100.0,0.0,1-AUROC,0.2536583786583787,Accuracy,0.9404580152671757
coil2000_insurance_policies,binary,xgboost,embed-only,9822,85,57.0,57.0,99.99999999999996,0.0,1-AUROC,0.2492137492137491,Accuracy,0.9399491094147584
concrete_compressive_strength,regression,catboost,raw-only,1030,8,78.0,8.0,0.0,100.00000000000004,RMSE,3.526001293053053,R2_Score,0.9550278612322604
concrete_compressive_strength,regression,lightgbm,raw-only,1030,8,78.0,8.0,0.0,100.0,RMSE,3.518961689542497,R2_Score,0.9552072542444956
concrete_compressive_strength,regression,xgboost,raw-only,1030,8,78.0,8.0,0.0,100.0,RMSE,3.4280594621391782,R2_Score,0.957491546954566
concrete_compressive_strength,regression,catboost,combined,1030,8,78.0,86.0,97.12970473380192,2.87029526619808,RMSE,3.456598720293972,R2_Score,0.9567808185536548
concrete_compressive_strength,regression,lightgbm,combined,1030,8,78.0,86.0,75.7132995529925,24.28670044700753,RMSE,3.654003621627453,R2_Score,0.9517034004092844
concrete_compressive_strength,regression,xgboost,combined,1030,8,78.0,86.0,91.27355251736562,8.726447482634397,RMSE,3.79127827597569,R2_Score,0.9480063947756084
concrete_compressive_strength,regression,catboost,embed-only,1030,8,78.0,78.0,100.00000000000004,0.0,RMSE,3.49378250224048,R2_Score,0.9558459710059488
concrete_compressive_strength,regression,lightgbm,embed-only,1030,8,78.0,78.0,100.0,0.0,RMSE,3.684104868182526,R2_Score,0.9509043996042584
concrete_compressive_strength,regression,xgboost,embed-only,1030,8,78.0,78.0,100.00000000000006,0.0,RMSE,3.59747840363844,R2_Score,0.9531860810883954
credit-g,binary,catboost,raw-only,1000,20,42.0,20.0,0.0,100.0,1-AUROC,0.2459523809523809,Accuracy,0.75
credit-g,binary,lightgbm,raw-only,1000,20,42.0,20.0,0.0,100.0,1-AUROC,0.2482142857142857,Accuracy,0.755
credit-g,binary,xgboost,raw-only,1000,20,42.0,20.0,0.0,100.0,1-AUROC,0.2414285714285715,Accuracy,0.765
credit-g,binary,catboost,combined,1000,20,42.0,62.0,72.49523631291706,27.504763687082946,1-AUROC,0.2491666666666666,Accuracy,0.745
credit-g,binary,lightgbm,combined,1000,20,42.0,62.0,61.64878293335149,38.35121706664852,1-AUROC,0.2377380952380952,Accuracy,0.75
credit-g,binary,xgboost,combined,1000,20,42.0,62.0,76.39343525381479,23.606564746185207,1-AUROC,0.2561904761904761,Accuracy,0.76
credit-g,binary,catboost,embed-only,1000,20,42.0,42.0,100.0,0.0,1-AUROC,0.2899999999999999,Accuracy,0.725
credit-g,binary,lightgbm,embed-only,1000,20,42.0,42.0,100.0,0.0,1-AUROC,0.2979761904761904,Accuracy,0.715
credit-g,binary,xgboost,embed-only,1000,20,42.0,42.0,100.0,0.0,1-AUROC,0.2807142857142856,Accuracy,0.725
credit_card_clients_default,binary,catboost,raw-only,30000,23,23.0,23.0,0.0,100.0,1-AUROC,0.2195792468752575,Accuracy,0.8213333333333334
credit_card_clients_default,binary,lightgbm,raw-only,30000,23,23.0,23.0,0.0,100.00000000000004,1-AUROC,0.2186814987282036,Accuracy,0.8225
credit_card_clients_default,binary,xgboost,raw-only,30000,23,23.0,23.0,0.0,100.0,1-AUROC,0.217183128527314,Accuracy,0.8223333333333334
credit_card_clients_default,binary,catboost,combined,30000,23,23.0,46.0,32.10697528756694,67.89302471243305,1-AUROC,0.217349954548174,Accuracy,0.8221666666666667
credit_card_clients_default,binary,lightgbm,combined,30000,23,23.0,46.0,46.23832269810335,53.761677301896654,1-AUROC,0.2164315648054988,Accuracy,0.8198333333333333
credit_card_clients_default,binary,xgboost,combined,30000,23,23.0,46.0,35.69359085563528,64.30640914436471,1-AUROC,0.2179282417504976,Accuracy,0.8205
credit_card_clients_default,binary,catboost,embed-only,30000,23,23.0,23.0,100.00000000000004,0.0,1-AUROC,0.2235917795490488,Accuracy,0.8206666666666667
credit_card_clients_default,binary,lightgbm,embed-only,30000,23,23.0,23.0,100.0,0.0,1-AUROC,0.2204528056524429,Accuracy,0.8191666666666667
credit_card_clients_default,binary,xgboost,embed-only,30000,23,23.0,23.0,99.99999999999996,0.0,1-AUROC,0.2230825126820834,Accuracy,0.8193333333333334
customer_satisfaction_in_airline,binary,catboost,raw-only,129880,21,33.0,21.0,0.0,100.0,1-AUROC,0.0054595079584266,Accuracy,0.9605789959963044
customer_satisfaction_in_airline,binary,lightgbm,raw-only,129880,21,33.0,21.0,0.0,100.0,1-AUROC,0.0053977234033417,Accuracy,0.9593855866954112
customer_satisfaction_in_airline,binary,xgboost,raw-only,129880,21,33.0,21.0,0.0,100.0,1-AUROC,0.0076367899372322,Accuracy,0.9503772713273791
customer_satisfaction_in_airline,binary,catboost,combined,129880,21,33.0,54.0,56.12370171542909,43.8762982845709,1-AUROC,0.0053522927037703,Accuracy,0.9615414228518632
customer_satisfaction_in_airline,binary,lightgbm,combined,129880,21,33.0,54.0,54.02612233444881,45.97387766555119,1-AUROC,0.0051329452708176,Accuracy,0.9614259316291962
customer_satisfaction_in_airline,binary,xgboost,combined,129880,21,33.0,54.0,51.95876206343297,48.04123793656702,1-AUROC,0.0052791429967189,Accuracy,0.9616569140745304
customer_satisfaction_in_airline,binary,catboost,embed-only,129880,21,33.0,33.0,100.00000000000004,0.0,1-AUROC,0.0062553138440957,Accuracy,0.9590006159531876
customer_satisfaction_in_airline,binary,lightgbm,embed-only,129880,21,33.0,33.0,100.0,0.0,1-AUROC,0.0061759910650285,Accuracy,0.9580381890976286
customer_satisfaction_in_airline,binary,xgboost,embed-only,129880,21,33.0,33.0,99.99999999999996,0.0,1-AUROC,0.0061897578530554,Accuracy,0.959270095472744
diabetes,binary,catboost,raw-only,768,8,32.0,8.0,0.0,100.0,1-AUROC,0.1387037037037037,Accuracy,0.7727272727272727
diabetes,binary,lightgbm,raw-only,768,8,32.0,8.0,0.0,100.0,1-AUROC,0.1338888888888888,Accuracy,0.7727272727272727
diabetes,binary,xgboost,raw-only,768,8,32.0,8.0,0.0,100.0,1-AUROC,0.1284259259259259,Accuracy,0.7077922077922078
diabetes,binary,catboost,combined,768,8,32.0,40.0,64.04518526930002,35.95481473069997,1-AUROC,0.1559259259259259,Accuracy,0.7792207792207793
diabetes,binary,lightgbm,combined,768,8,32.0,40.0,31.084136760476586,68.9158632395234,1-AUROC,0.1338888888888889,Accuracy,0.7662337662337663
diabetes,binary,xgboost,combined,768,8,32.0,40.0,45.05820975149479,54.94179024850519,1-AUROC,0.1466666666666666,Accuracy,0.7662337662337663
diabetes,binary,catboost,embed-only,768,8,32.0,32.0,100.00000000000004,0.0,1-AUROC,0.1666666666666667,Accuracy,0.7402597402597403
diabetes,binary,lightgbm,embed-only,768,8,32.0,32.0,100.00000000000004,0.0,1-AUROC,0.1716666666666666,Accuracy,0.7142857142857143
diabetes,binary,xgboost,embed-only,768,8,32.0,32.0,100.0,0.0,1-AUROC,0.1755555555555555,Accuracy,0.7532467532467533
diabetes130us,binary,catboost,raw-only,71518,47,38.0,47.0,0.0,100.00000000000004,1-AUROC,0.3217059174708675,Accuracy,0.9128215883668904
diabetes130us,binary,lightgbm,raw-only,71518,47,38.0,47.0,0.0,99.99999999999996,1-AUROC,0.3372753507060395,Accuracy,0.9119826621923938
diabetes130us,binary,xgboost,raw-only,71518,47,38.0,47.0,0.0,100.0,1-AUROC,0.3776275743736702,Accuracy,0.9119826621923938
diabetes130us,binary,catboost,combined,71518,47,38.0,85.0,57.22587174360963,42.774128256390384,1-AUROC,0.3221641589524378,Accuracy,0.913101230425056
diabetes130us,binary,lightgbm,combined,71518,47,38.0,85.0,27.8960098537368,72.1039901462632,1-AUROC,0.3296331419528722,Accuracy,0.9119826621923938
diabetes130us,binary,xgboost,combined,71518,47,38.0,85.0,46.6342414747523,53.36575852524769,1-AUROC,0.3655630247956377,Accuracy,0.9119826621923938
diabetes130us,binary,catboost,embed-only,71518,47,38.0,38.0,100.00000000000004,0.0,1-AUROC,0.3440745680544314,Accuracy,0.9120525727069352
diabetes130us,binary,lightgbm,embed-only,71518,47,38.0,38.0,100.00000000000004,0.0,1-AUROC,0.3385737218664176,Accuracy,0.9119826621923938
diabetes130us,binary,xgboost,embed-only,71518,47,38.0,38.0,100.0,0.0,1-AUROC,0.3373394351013827,Accuracy,0.9119826621923938
diamonds,regression,catboost,raw-only,53940,9,29.0,9.0,0.0,100.0,RMSE,502.0388604947916,R2_Score,0.983803202363376
diamonds,regression,lightgbm,raw-only,53940,9,29.0,9.0,0.0,100.0,RMSE,502.7025763342164,R2_Score,0.9837603484012548
diamonds,regression,xgboost,raw-only,53940,9,29.0,9.0,0.0,100.0,RMSE,512.9226956540911,R2_Score,0.9830933205760378
diamonds,regression,catboost,combined,53940,9,29.0,38.0,35.278591760628565,64.72140823937143,RMSE,472.8457807246591,R2_Score,0.9856320925439488
diamonds,regression,lightgbm,combined,53940,9,29.0,38.0,36.051778695225785,63.94822130477422,RMSE,473.704318780347,R2_Score,0.9855798700459638
diamonds,regression,xgboost,combined,53940,9,29.0,38.0,37.07632281260639,62.92367718739361,RMSE,472.1960087511742,R2_Score,0.9856715533974296
diamonds,regression,catboost,embed-only,53940,9,29.0,29.0,99.99999999999996,0.0,RMSE,474.32863571014,R2_Score,0.9855418350800078
diamonds,regression,lightgbm,embed-only,53940,9,29.0,29.0,100.00000000000004,0.0,RMSE,480.4581227873004,R2_Score,0.9851657509504772
diamonds,regression,xgboost,embed-only,53940,9,29.0,29.0,100.0,0.0,RMSE,473.1012641703298,R2_Score,0.9856165620926728
e-commereshippingdata,binary,catboost,raw-only,10999,10,11.0,10.0,0.0,100.0,1-AUROC,0.2612063391752409,Accuracy,0.6709090909090909
e-commereshippingdata,binary,lightgbm,raw-only,10999,10,11.0,10.0,0.0,100.0,1-AUROC,0.2532158254417064,Accuracy,0.6777272727272727
e-commereshippingdata,binary,xgboost,raw-only,10999,10,11.0,10.0,0.0,100.0,1-AUROC,0.2582654935340034,Accuracy,0.5968181818181818
e-commereshippingdata,binary,catboost,combined,10999,10,11.0,21.0,59.75185767297121,40.2481423270288,1-AUROC,0.2600162626617357,Accuracy,0.6795454545454546
e-commereshippingdata,binary,lightgbm,combined,10999,10,11.0,21.0,55.605889117401006,44.394110882599016,1-AUROC,0.2467219230812163,Accuracy,0.6831818181818182
e-commereshippingdata,binary,xgboost,combined,10999,10,11.0,21.0,66.30566194452163,33.69433805547836,1-AUROC,0.2559110997388872,Accuracy,0.6763636363636364
e-commereshippingdata,binary,catboost,embed-only,10999,10,11.0,11.0,100.0,0.0,1-AUROC,0.2634542614785284,Accuracy,0.6622727272727272
e-commereshippingdata,binary,lightgbm,embed-only,10999,10,11.0,11.0,100.0,0.0,1-AUROC,0.2514277054277277,Accuracy,0.5968181818181818
e-commereshippingdata,binary,xgboost,embed-only,10999,10,11.0,11.0,100.0,0.0,1-AUROC,0.2530260657667535,Accuracy,0.5968181818181818
fitness_club,binary,catboost,raw-only,1500,6,15.0,6.0,0.0,100.00000000000004,1-AUROC,0.1975393028024608,Accuracy,0.7566666666666667
fitness_club,binary,lightgbm,raw-only,1500,6,15.0,6.0,0.0,100.0,1-AUROC,0.1939376413060622,Accuracy,0.7533333333333333
fitness_club,binary,xgboost,raw-only,1500,6,15.0,6.0,0.0,100.0,1-AUROC,0.1988274883011724,Accuracy,0.6966666666666667
fitness_club,binary,catboost,combined,1500,6,15.0,21.0,62.49543296059744,37.50456703940257,1-AUROC,0.2010620957989378,Accuracy,0.7533333333333333
fitness_club,binary,lightgbm,combined,1500,6,15.0,21.0,44.5167896980476,55.48321030195241,1-AUROC,0.2000630947999369,Accuracy,0.7566666666666667
fitness_club,binary,xgboost,combined,1500,6,15.0,21.0,39.00557580343158,60.99442419656842,1-AUROC,0.2098427887901572,Accuracy,0.6966666666666667
fitness_club,binary,catboost,embed-only,1500,6,15.0,15.0,100.0,0.0,1-AUROC,0.2010095167989904,Accuracy,0.77
fitness_club,binary,lightgbm,embed-only,1500,6,15.0,15.0,100.0,0.0,1-AUROC,0.207318996792681,Accuracy,0.7533333333333333
fitness_club,binary,xgboost,embed-only,1500,6,15.0,15.0,100.0,0.0,1-AUROC,0.2066354697933645,Accuracy,0.7733333333333333
food_delivery_time,regression,catboost,raw-only,45451,9,34.0,9.0,0.0,100.0,RMSE,7.36894751478277,R2_Score,0.3714432962442472
food_delivery_time,regression,lightgbm,raw-only,45451,9,34.0,9.0,0.0,100.0,RMSE,7.535781958906492,R2_Score,0.3426598127693717
food_delivery_time,regression,xgboost,raw-only,45451,9,34.0,9.0,0.0,100.0,RMSE,7.9783980722668595,R2_Score,0.2631740066266025
food_delivery_time,regression,catboost,combined,45451,9,34.0,43.0,92.80787894815974,7.192121051840252,RMSE,7.303375450343187,R2_Score,0.3825798616268534
food_delivery_time,regression,lightgbm,combined,45451,9,34.0,43.0,90.52460663812,9.475393361879991,RMSE,7.29944580988175,R2_Score,0.3832440987169798
food_delivery_time,regression,xgboost,combined,45451,9,34.0,43.0,72.50117823352022,27.49882176647976,RMSE,7.379796309786091,R2_Score,0.3695911721934719
food_delivery_time,regression,catboost,embed-only,45451,9,34.0,34.0,100.0,0.0,RMSE,7.294564326346595,R2_Score,0.384068730384266
food_delivery_time,regression,lightgbm,embed-only,45451,9,34.0,34.0,99.99999999999996,0.0,RMSE,7.301009488440771,R2_Score,0.3829798289898608
food_delivery_time,regression,xgboost,embed-only,45451,9,34.0,34.0,99.99999999999996,0.0,RMSE,7.299989148966619,R2_Score,0.383152278031493
givemesomecredit,binary,catboost,raw-only,150000,10,20.0,10.0,0.0,100.0,1-AUROC,0.127395540439845,Accuracy,0.9370333333333334
givemesomecredit,binary,lightgbm,raw-only,150000,10,20.0,10.0,0.0,100.0,1-AUROC,0.1275075661444709,Accuracy,0.938
givemesomecredit,binary,xgboost,raw-only,150000,10,20.0,10.0,0.0,100.0,1-AUROC,0.1279985961155335,Accuracy,0.9380666666666668
givemesomecredit,binary,catboost,combined,150000,10,20.0,30.0,44.086606667334415,55.91339333266556,1-AUROC,0.1265462259692793,Accuracy,0.9374
givemesomecredit,binary,lightgbm,combined,150000,10,20.0,30.0,38.94249168496126,61.05750831503874,1-AUROC,0.1264523367416429,Accuracy,0.9381
givemesomecredit,binary,xgboost,combined,150000,10,20.0,30.0,34.645496854591975,65.35450314540803,1-AUROC,0.1264808420099954,Accuracy,0.9379
givemesomecredit,binary,catboost,embed-only,150000,10,20.0,20.0,100.0,0.0,1-AUROC,0.1280865437762978,Accuracy,0.9367
givemesomecredit,binary,lightgbm,embed-only,150000,10,20.0,20.0,100.0,0.0,1-AUROC,0.1278935631095507,Accuracy,0.9368666666666666
givemesomecredit,binary,xgboost,embed-only,150000,10,20.0,20.0,100.00000000000004,0.0,1-AUROC,0.1280982131205296,Accuracy,0.9374
hazelnut-spread-contaminant-detection,binary,catboost,raw-only,2400,30,48.0,30.0,0.0,100.0,1-AUROC,0.0177777777777777,Accuracy,0.93125
hazelnut-spread-contaminant-detection,binary,lightgbm,raw-only,2400,30,48.0,30.0,0.0,100.0,1-AUROC,0.0132638888888888,Accuracy,0.9541666666666668
hazelnut-spread-contaminant-detection,binary,xgboost,raw-only,2400,30,48.0,30.0,0.0,100.00000000000004,1-AUROC,0.0161284722222222,Accuracy,0.94375
hazelnut-spread-contaminant-detection,binary,catboost,combined,2400,30,48.0,78.0,73.95969498077066,26.040305019229333,1-AUROC,0.0115277777777778,Accuracy,0.95
hazelnut-spread-contaminant-detection,binary,lightgbm,combined,2400,30,48.0,78.0,60.31873712341816,39.681262876581854,1-AUROC,0.0085937499999999,Accuracy,0.9625
hazelnut-spread-contaminant-detection,binary,xgboost,combined,2400,30,48.0,78.0,69.0796709871426,30.9203290128574,1-AUROC,0.0096354166666665,Accuracy,0.9645833333333332
hazelnut-spread-contaminant-detection,binary,catboost,embed-only,2400,30,48.0,48.0,100.00000000000004,0.0,1-AUROC,0.0092708333333333,Accuracy,0.9479166666666666
hazelnut-spread-contaminant-detection,binary,lightgbm,embed-only,2400,30,48.0,48.0,100.0,0.0,1-AUROC,0.0085763888888888,Accuracy,0.9541666666666668
hazelnut-spread-contaminant-detection,binary,xgboost,embed-only,2400,30,48.0,48.0,100.0,0.0,1-AUROC,0.0098090277777778,Accuracy,0.95625
healthcare_insurance_expenses,regression,catboost,raw-only,1338,6,25.0,6.0,0.0,100.0,RMSE,3660.672081231789,R2_Score,0.872516659072263
healthcare_insurance_expenses,regression,lightgbm,raw-only,1338,6,25.0,6.0,0.0,100.0,RMSE,3752.0311912614447,R2_Score,0.8660740725687831
healthcare_insurance_expenses,regression,xgboost,raw-only,1338,6,25.0,6.0,0.0,100.0,RMSE,3645.157158018351,R2_Score,0.8735949871907052
healthcare_insurance_expenses,regression,catboost,combined,1338,6,25.0,31.0,68.12191416045863,31.87808583954136,RMSE,3573.933970459071,R2_Score,0.8784864157265331
healthcare_insurance_expenses,regression,lightgbm,combined,1338,6,25.0,31.0,75.94057222700181,24.05942777299816,RMSE,3542.175967455131,R2_Score,0.8806363620475282
healthcare_insurance_expenses,regression,xgboost,combined,1338,6,25.0,31.0,79.31911006327994,20.68088993672005,RMSE,3547.3655325965483,R2_Score,0.8802863516875943
healthcare_insurance_expenses,regression,catboost,embed-only,1338,6,25.0,25.0,100.0,0.0,RMSE,3541.9666128262065,R2_Score,0.8806504712232908
healthcare_insurance_expenses,regression,lightgbm,embed-only,1338,6,25.0,25.0,100.0,0.0,RMSE,3571.6683451078025,R2_Score,0.8786404292015783
healthcare_insurance_expenses,regression,xgboost,embed-only,1338,6,25.0,25.0,100.00000000000004,0.0,RMSE,3545.4096838426985,R2_Score,0.8804183241276445
heloc,binary,catboost,raw-only,10459,23,21.0,23.0,0.0,100.00000000000004,1-AUROC,0.1987852564102563,Accuracy,0.7241873804971319
heloc,binary,lightgbm,raw-only,10459,23,21.0,23.0,0.0,100.0,1-AUROC,0.1951057692307691,Accuracy,0.7304015296367112
heloc,binary,xgboost,raw-only,10459,23,21.0,23.0,0.0,100.0,1-AUROC,0.1992880036630037,Accuracy,0.7318355640535373
heloc,binary,catboost,combined,10459,23,21.0,44.0,36.43774323662142,63.56225676337858,1-AUROC,0.1963118131868131,Accuracy,0.7299235181644359
heloc,binary,lightgbm,combined,10459,23,21.0,44.0,32.48614934912087,67.5138506508791,1-AUROC,0.1919084249084249,Accuracy,0.7337476099426387
heloc,binary,xgboost,combined,10459,23,21.0,44.0,31.63899828588036,68.36100171411962,1-AUROC,0.194944597069597,Accuracy,0.732791586998088
heloc,binary,catboost,embed-only,10459,23,21.0,21.0,100.00000000000004,0.0,1-AUROC,0.2141369047619046,Accuracy,0.7117590822179732
heloc,binary,lightgbm,embed-only,10459,23,21.0,21.0,100.0,0.0,1-AUROC,0.2151181318681317,Accuracy,0.7093690248565966
heloc,binary,xgboost,embed-only,10459,23,21.0,21.0,99.99999999999996,0.0,1-AUROC,0.214981684981685,Accuracy,0.7060229445506692
hiva_agnostic,multiclass,catboost,raw-only,3845,1617,49.0,1617.0,0.0,100.0,Log_Loss,0.180475964820141,Accuracy,0.964889466840052
hiva_agnostic,multiclass,lightgbm,raw-only,3845,1617,49.0,1617.0,0.0,100.0,Log_Loss,0.1734708772634157,Accuracy,0.964889466840052
hiva_agnostic,multiclass,xgboost,raw-only,3845,1617,49.0,1617.0,0.0,100.0,Log_Loss,0.1806825101375579,Accuracy,0.964889466840052
hiva_agnostic,multiclass,catboost,combined,3845,1617,49.0,1666.0,37.71194838185925,62.288051618140734,Log_Loss,0.1802148763254918,Accuracy,0.964889466840052
hiva_agnostic,multiclass,lightgbm,combined,3845,1617,49.0,1666.0,92.90423298819962,7.095767011800376,Log_Loss,0.1719542134730627,Accuracy,0.964889466840052
hiva_agnostic,multiclass,xgboost,combined,3845,1617,49.0,1666.0,67.41185324111215,32.58814675888788,Log_Loss,0.1743098646402359,Accuracy,0.964889466840052
hiva_agnostic,multiclass,catboost,embed-only,3845,1617,49.0,49.0,100.0,0.0,Log_Loss,0.1722937657590232,Accuracy,0.964889466840052
hiva_agnostic,multiclass,lightgbm,embed-only,3845,1617,49.0,49.0,100.0,0.0,Log_Loss,0.172216758921831,Accuracy,0.964889466840052
hiva_agnostic,multiclass,xgboost,embed-only,3845,1617,49.0,49.0,100.0,0.0,Log_Loss,0.1721793860197067,Accuracy,0.964889466840052
houses,regression,catboost,raw-only,20640,8,77.0,8.0,0.0,100.0,RMSE,0.2044076626553675,R2_Score,0.8710807294526961
houses,regression,lightgbm,raw-only,20640,8,77.0,8.0,0.0,100.0,RMSE,0.1997524317195151,R2_Score,0.8768859424056971
houses,regression,xgboost,raw-only,20640,8,77.0,8.0,0.0,100.0,RMSE,0.2062549987181434,R2_Score,0.8687399816691376
houses,regression,catboost,combined,20640,8,77.0,85.0,98.59508068153956,1.4049193184604434,RMSE,0.1772155409197353,R2_Score,0.9030992575874736
houses,regression,lightgbm,combined,20640,8,77.0,85.0,83.7326361727428,16.267363827257174,RMSE,0.1769905199685653,R2_Score,0.9033451824512088
houses,regression,xgboost,combined,20640,8,77.0,85.0,85.1425467523632,14.857453247636762,RMSE,0.1780323434598321,R2_Score,0.9022039503918132
houses,regression,catboost,embed-only,20640,8,77.0,77.0,99.99999999999994,0.0,RMSE,0.1768843255029867,R2_Score,0.903461133604192
houses,regression,lightgbm,embed-only,20640,8,77.0,77.0,100.00000000000006,0.0,RMSE,0.1767983894779703,R2_Score,0.9035549141146294
houses,regression,xgboost,embed-only,20640,8,77.0,77.0,99.99999999999996,0.0,RMSE,0.1778431542856785,R2_Score,0.902411689309243
hr_analytics_job_change_of_data_scientists,binary,catboost,raw-only,19158,12,36.0,12.0,0.0,100.00000000000004,1-AUROC,0.2078737850473242,Accuracy,0.784446764091858
hr_analytics_job_change_of_data_scientists,binary,lightgbm,raw-only,19158,12,36.0,12.0,0.0,100.0,1-AUROC,0.211007139126526,Accuracy,0.7823590814196242
hr_analytics_job_change_of_data_scientists,binary,xgboost,raw-only,19158,12,36.0,12.0,0.0,100.0,1-AUROC,0.2212581459380861,Accuracy,0.7640918580375783
hr_analytics_job_change_of_data_scientists,binary,catboost,combined,19158,12,36.0,48.0,72.39965263688093,27.600347363119063,1-AUROC,0.2158380148023592,Accuracy,0.7823590814196242
hr_analytics_job_change_of_data_scientists,binary,lightgbm,combined,19158,12,36.0,48.0,50.785738080598,49.214261919402,1-AUROC,0.211889384484638,Accuracy,0.7857515657620042
hr_analytics_job_change_of_data_scientists,binary,xgboost,combined,19158,12,36.0,48.0,62.4812699380362,37.51873006196382,1-AUROC,0.2523452840455171,Accuracy,0.7604384133611691
hr_analytics_job_change_of_data_scientists,binary,catboost,embed-only,19158,12,36.0,36.0,100.0,0.0,1-AUROC,0.2082766916526994,Accuracy,0.782098121085595
hr_analytics_job_change_of_data_scientists,binary,lightgbm,embed-only,19158,12,36.0,36.0,100.0,0.0,1-AUROC,0.2079513090825048,Accuracy,0.7849686847599165
hr_analytics_job_change_of_data_scientists,binary,xgboost,embed-only,19158,12,36.0,36.0,100.0,0.0,1-AUROC,0.2122185886622007,Accuracy,0.7839248434237995
in_vehicle_coupon_recommendation,binary,catboost,raw-only,12684,24,58.0,24.0,0.0,100.0,1-AUROC,0.1326113528268069,Accuracy,0.8013401655498621
in_vehicle_coupon_recommendation,binary,lightgbm,raw-only,12684,24,58.0,24.0,0.0,100.00000000000004,1-AUROC,0.1331870372833266,Accuracy,0.7926685061095783
in_vehicle_coupon_recommendation,binary,xgboost,raw-only,12684,24,58.0,24.0,0.0,100.0,1-AUROC,0.1318311072267715,Accuracy,0.7906976744186046
in_vehicle_coupon_recommendation,binary,catboost,combined,12684,24,58.0,82.0,84.58121535740919,15.418784642590794,1-AUROC,0.1432038834951454,Accuracy,0.7851793456838786
in_vehicle_coupon_recommendation,binary,lightgbm,combined,12684,24,58.0,82.0,75.05274229487803,24.94725770512196,1-AUROC,0.1398881563531118,Accuracy,0.793062672447773
in_vehicle_coupon_recommendation,binary,xgboost,combined,12684,24,58.0,82.0,78.56230258730182,21.43769741269817,1-AUROC,0.1381639529066048,Accuracy,0.7871501773748522
in_vehicle_coupon_recommendation,binary,catboost,embed-only,12684,24,58.0,58.0,100.00000000000004,0.0,1-AUROC,0.1597651030088853,Accuracy,0.7666535277887269
in_vehicle_coupon_recommendation,binary,lightgbm,embed-only,12684,24,58.0,58.0,100.0,0.0,1-AUROC,0.1564864248665286,Accuracy,0.7682301931415058
in_vehicle_coupon_recommendation,binary,xgboost,embed-only,12684,24,58.0,58.0,100.0,0.0,1-AUROC,0.1564097936022395,Accuracy,0.7654710287741426
is-this-a-good-customer,binary,catboost,raw-only,1723,13,31.0,13.0,0.0,100.0,1-AUROC,0.2557399027987264,Accuracy,0.8869565217391304
is-this-a-good-customer,binary,lightgbm,raw-only,1723,13,31.0,13.0,0.0,100.0,1-AUROC,0.2269146975029329,Accuracy,0.8869565217391304
is-this-a-good-customer,binary,xgboost,raw-only,1723,13,31.0,13.0,0.0,100.0,1-AUROC,0.2657952069716774,Accuracy,0.8869565217391304
is-this-a-good-customer,binary,catboost,combined,1723,13,31.0,44.0,76.026890388173,23.97310961182702,1-AUROC,0.2376403552874141,Accuracy,0.8869565217391304
is-this-a-good-customer,binary,lightgbm,combined,1723,13,31.0,44.0,73.47770641274654,26.522293587253444,1-AUROC,0.257583375230434,Accuracy,0.8869565217391304
is-this-a-good-customer,binary,xgboost,combined,1723,13,31.0,44.0,84.23315703403748,15.76684296596253,1-AUROC,0.278196748784984,Accuracy,0.8840579710144928
is-this-a-good-customer,binary,catboost,embed-only,1723,13,31.0,31.0,100.0,0.0,1-AUROC,0.2859058153175801,Accuracy,0.8869565217391304
is-this-a-good-customer,binary,lightgbm,embed-only,1723,13,31.0,31.0,100.00000000000004,0.0,1-AUROC,0.2493715434891905,Accuracy,0.8869565217391304
is-this-a-good-customer,binary,xgboost,embed-only,1723,13,31.0,31.0,100.00000000000004,0.0,1-AUROC,0.2946204122674711,Accuracy,0.8869565217391304
jm1,binary,catboost,raw-only,10885,21,42.0,21.0,0.0,100.0,1-AUROC,0.2615498136014155,Accuracy,0.8139641708773542
jm1,binary,lightgbm,raw-only,10885,21,42.0,21.0,0.0,100.0,1-AUROC,0.2583588537974991,Accuracy,0.8194763435920992
jm1,binary,xgboost,raw-only,10885,21,42.0,21.0,0.0,100.0,1-AUROC,0.2546139736715381,Accuracy,0.816260909508498
jm1,binary,catboost,combined,10885,21,42.0,63.0,75.74915136499482,24.250848635005177,1-AUROC,0.2386368555181014,Accuracy,0.8135048231511254
jm1,binary,lightgbm,combined,10885,21,42.0,63.0,70.07959967917634,29.920400320823653,1-AUROC,0.2346464649197321,Accuracy,0.8125861276986679
jm1,binary,xgboost,combined,10885,21,42.0,63.0,76.84879713077814,23.15120286922181,1-AUROC,0.2332883794415076,Accuracy,0.8153422140560405
jm1,binary,catboost,embed-only,10885,21,42.0,42.0,100.00000000000004,0.0,1-AUROC,0.2371002169690346,Accuracy,0.8093706936150666
jm1,binary,lightgbm,embed-only,10885,21,42.0,42.0,100.0,0.0,1-AUROC,0.2401856681401804,Accuracy,0.8102893890675241
jm1,binary,xgboost,embed-only,10885,21,42.0,42.0,100.0,0.0,1-AUROC,0.2360775948360287,Accuracy,0.8116674322462104
kddcup09_appetency,binary,catboost,raw-only,50000,212,36.0,212.0,0.0,99.99999999999994,1-AUROC,0.1731632039059301,Accuracy,0.9821
kddcup09_appetency,binary,lightgbm,raw-only,50000,212,36.0,212.0,0.0,100.0,1-AUROC,0.184264743902132,Accuracy,0.9822
kddcup09_appetency,binary,xgboost,raw-only,50000,212,36.0,212.0,0.0,99.99999999999994,1-AUROC,0.1825093404167209,Accuracy,0.9822
kddcup09_appetency,binary,catboost,combined,50000,212,36.0,248.0,51.03415895509624,48.96584104490377,1-AUROC,0.1727942774647147,Accuracy,0.9821
kddcup09_appetency,binary,lightgbm,combined,50000,212,36.0,248.0,19.221409664846966,80.77859033515301,1-AUROC,0.1814048490089891,Accuracy,0.9822
kddcup09_appetency,binary,xgboost,combined,50000,212,36.0,248.0,30.384643052615864,69.61535694738417,1-AUROC,0.1766042294413597,Accuracy,0.9822
kddcup09_appetency,binary,catboost,embed-only,50000,212,36.0,36.0,100.0,0.0,1-AUROC,0.186573251059877,Accuracy,0.9822
kddcup09_appetency,binary,lightgbm,embed-only,50000,212,36.0,36.0,100.0,0.0,1-AUROC,0.1924817939091102,Accuracy,0.9822
kddcup09_appetency,binary,xgboost,embed-only,50000,212,36.0,36.0,100.0,0.0,1-AUROC,0.1914985620448477,Accuracy,0.9822
marketing_campaign,binary,catboost,raw-only,2240,25,42.0,25.0,0.0,99.99999999999996,1-AUROC,0.1191091785168644,Accuracy,0.8705357142857143
marketing_campaign,binary,lightgbm,raw-only,2240,25,42.0,25.0,0.0,100.0,1-AUROC,0.1088455360990322,Accuracy,0.8883928571428571
marketing_campaign,binary,xgboost,raw-only,2240,25,42.0,25.0,0.0,100.0,1-AUROC,0.1349355584283307,Accuracy,0.8705357142857143
marketing_campaign,binary,catboost,combined,2240,25,42.0,67.0,73.80236609485361,26.19763390514637,1-AUROC,0.1005406040662827,Accuracy,0.8883928571428571
marketing_campaign,binary,lightgbm,combined,2240,25,42.0,67.0,59.32518294756701,40.67481705243298,1-AUROC,0.0922356720335331,Accuracy,0.890625
marketing_campaign,binary,xgboost,combined,2240,25,42.0,67.0,73.8702600341629,26.12973996583712,1-AUROC,0.1008539977278959,Accuracy,0.890625
marketing_campaign,binary,catboost,embed-only,2240,25,42.0,42.0,100.0,0.0,1-AUROC,0.1142319896580091,Accuracy,0.8883928571428571
marketing_campaign,binary,lightgbm,embed-only,2240,25,42.0,42.0,100.0,0.0,1-AUROC,0.1113526853919379,Accuracy,0.8816964285714286
marketing_campaign,binary,xgboost,embed-only,2240,25,42.0,42.0,100.0,0.0,1-AUROC,0.0963489638422062,Accuracy,0.8816964285714286
maternal_health_risk,multiclass,catboost,raw-only,1014,6,38.0,6.0,0.0,100.0,Log_Loss,0.383119311304722,Accuracy,0.8522167487684729
maternal_health_risk,multiclass,lightgbm,raw-only,1014,6,38.0,6.0,0.0,100.0,Log_Loss,0.3765627162403259,Accuracy,0.8472906403940886
maternal_health_risk,multiclass,xgboost,raw-only,1014,6,38.0,6.0,0.0,100.0,Log_Loss,0.3950289785861969,Accuracy,0.8423645320197044
maternal_health_risk,multiclass,catboost,combined,1014,6,38.0,44.0,68.956300926205,31.04369907379499,Log_Loss,0.3993829424711606,Accuracy,0.8522167487684729
maternal_health_risk,multiclass,lightgbm,combined,1014,6,38.0,44.0,73.916950456755,26.08304954324496,Log_Loss,0.4048124860253289,Accuracy,0.8472906403940886
maternal_health_risk,multiclass,xgboost,combined,1014,6,38.0,44.0,66.70968399733061,33.29031600266939,Log_Loss,0.4315583407878876,Accuracy,0.8374384236453202
maternal_health_risk,multiclass,catboost,embed-only,1014,6,38.0,38.0,100.0,0.0,Log_Loss,0.3998027173087795,Accuracy,0.8472906403940886
maternal_health_risk,multiclass,lightgbm,embed-only,1014,6,38.0,38.0,100.0,0.0,Log_Loss,0.4201610341121202,Accuracy,0.8423645320197044
maternal_health_risk,multiclass,xgboost,embed-only,1014,6,38.0,38.0,100.00000000000004,0.0,Log_Loss,0.4219522476196289,Accuracy,0.8374384236453202
miami_housing,regression,catboost,raw-only,13776,15,73.0,15.0,0.0,100.0,RMSE,80983.14952006558,R2_Score,0.9385512824264702
miami_housing,regression,lightgbm,raw-only,13776,15,73.0,15.0,0.0,100.0,RMSE,83485.3837793458,R2_Score,0.9346953067722836
miami_housing,regression,xgboost,raw-only,13776,15,73.0,15.0,0.0,100.0,RMSE,84180.9367531834,R2_Score,0.9336026102940658
miami_housing,regression,catboost,combined,13776,15,73.0,88.0,95.7104388551378,4.289561144862229,RMSE,78983.38728155308,R2_Score,0.941548587879252
miami_housing,regression,lightgbm,combined,13776,15,73.0,88.0,77.00743101527569,22.992568984724297,RMSE,80665.2553242765,R2_Score,0.9390327616146764
miami_housing,regression,xgboost,combined,13776,15,73.0,88.0,93.74247114375892,6.257528856241097,RMSE,79912.36201999974,R2_Score,0.9401655321452718
miami_housing,regression,catboost,embed-only,13776,15,73.0,73.0,100.00000000000004,0.0,RMSE,81346.44298505437,R2_Score,0.937998723267503
miami_housing,regression,lightgbm,embed-only,13776,15,73.0,73.0,100.0,0.0,RMSE,80734.22257680405,R2_Score,0.938928465399505
miami_housing,regression,xgboost,embed-only,13776,15,73.0,73.0,100.00000000000004,0.0,RMSE,82690.82733976503,R2_Score,0.935932441796438
mic,multiclass,catboost,raw-only,1699,111,30.0,111.0,0.0,100.00000000000004,Log_Loss,0.4420686008791322,Accuracy,0.8970588235294118
mic,multiclass,lightgbm,raw-only,1699,111,30.0,111.0,0.0,100.00000000000004,Log_Loss,0.4476380840304531,Accuracy,0.888235294117647
mic,multiclass,xgboost,raw-only,1699,111,30.0,111.0,0.0,100.00000000000009,Log_Loss,0.4508955478668213,Accuracy,0.8852941176470588
mic,multiclass,catboost,combined,1699,111,30.0,141.0,45.5992234641276,54.4007765358724,Log_Loss,0.4470070663408204,Accuracy,0.8852941176470588
mic,multiclass,lightgbm,combined,1699,111,30.0,141.0,36.41076863859601,63.589231361404,Log_Loss,0.4492768435681904,Accuracy,0.888235294117647
mic,multiclass,xgboost,combined,1699,111,30.0,141.0,54.21803168876816,45.78196831123181,Log_Loss,0.4473753571510315,Accuracy,0.8852941176470588
mic,multiclass,catboost,embed-only,1699,111,30.0,30.0,100.0,0.0,Log_Loss,0.4679532270622766,Accuracy,0.8823529411764706
mic,multiclass,lightgbm,embed-only,1699,111,30.0,30.0,100.0,0.0,Log_Loss,0.4750889320606192,Accuracy,0.8911764705882353
mic,multiclass,xgboost,embed-only,1699,111,30.0,30.0,100.0,0.0,Log_Loss,0.4712853729724884,Accuracy,0.888235294117647
naticusdroid,binary,catboost,raw-only,7491,86,36.0,86.0,0.0,100.00000000000004,1-AUROC,0.0129803461425638,Accuracy,0.9439626417611742
naticusdroid,binary,lightgbm,raw-only,7491,86,36.0,86.0,0.0,100.0,1-AUROC,0.0129158110882956,Accuracy,0.9399599733155436
naticusdroid,binary,xgboost,raw-only,7491,86,36.0,86.0,0.0,100.0,1-AUROC,0.0133714676835826,Accuracy,0.9399599733155436
naticusdroid,binary,catboost,combined,7491,86,36.0,122.0,33.28561841270842,66.71438158729157,1-AUROC,0.0158570450767576,Accuracy,0.933955970647098
naticusdroid,binary,lightgbm,combined,7491,86,36.0,122.0,23.68598360150466,76.3140163984953,1-AUROC,0.0135083602229393,Accuracy,0.9379586390927284
naticusdroid,binary,xgboost,combined,7491,86,36.0,122.0,36.601114422484905,63.39888557751509,1-AUROC,0.0162892343795834,Accuracy,0.9359573048699132
naticusdroid,binary,catboost,embed-only,7491,86,36.0,36.0,100.00000000000004,0.0,1-AUROC,0.0209396695022978,Accuracy,0.9246164109406272
naticusdroid,binary,lightgbm,embed-only,7491,86,36.0,36.0,100.00000000000006,0.0,1-AUROC,0.0185284052019164,Accuracy,0.9319546364242828
naticusdroid,binary,xgboost,embed-only,7491,86,36.0,36.0,100.0,0.0,1-AUROC,0.0208184218245819,Accuracy,0.9292861907938624
online_shoppers_intention,binary,catboost,raw-only,12330,17,21.0,17.0,0.0,100.0,1-AUROC,0.0661271115756048,Accuracy,0.8990267639902676
online_shoppers_intention,binary,lightgbm,raw-only,12330,17,21.0,17.0,0.0,100.0,1-AUROC,0.0637756127463295,Accuracy,0.902676399026764
online_shoppers_intention,binary,xgboost,raw-only,12330,17,21.0,17.0,0.0,100.00000000000004,1-AUROC,0.0653822190511601,Accuracy,0.9030819140308192
online_shoppers_intention,binary,catboost,combined,12330,17,21.0,38.0,56.47366197096482,43.52633802903515,1-AUROC,0.0635520193747424,Accuracy,0.9002433090024331
online_shoppers_intention,binary,lightgbm,combined,12330,17,21.0,38.0,43.10035083809195,56.899649161908044,1-AUROC,0.0619353639296158,Accuracy,0.8994322789943228
online_shoppers_intention,binary,xgboost,combined,12330,17,21.0,38.0,36.88356344648782,63.11643655351218,1-AUROC,0.0636236194993518,Accuracy,0.884022708840227
online_shoppers_intention,binary,catboost,embed-only,12330,17,21.0,21.0,100.00000000000004,0.0,1-AUROC,0.0647604284953422,Accuracy,0.8990267639902676
online_shoppers_intention,binary,lightgbm,embed-only,12330,17,21.0,21.0,100.0,0.0,1-AUROC,0.065565615861563,Accuracy,0.8986212489862125
online_shoppers_intention,binary,xgboost,embed-only,12330,17,21.0,21.0,100.0,0.0,1-AUROC,0.0649224708826159,Accuracy,0.8982157339821574
physiochemical_protein,regression,catboost,raw-only,45730,9,87.0,9.0,0.0,100.0,RMSE,3.449863776162582,R2_Score,0.6826000345804054
physiochemical_protein,regression,lightgbm,raw-only,45730,9,87.0,9.0,0.0,100.0,RMSE,3.379236952714109,R2_Score,0.6954628540467098
physiochemical_protein,regression,xgboost,raw-only,45730,9,87.0,9.0,0.0,100.0,RMSE,3.3538779999456025,R2_Score,0.7000164063143025
physiochemical_protein,regression,catboost,combined,45730,9,87.0,96.0,97.66976191452314,2.3302380854768567,RMSE,2.814966487720705,R2_Score,0.7886756996128406
physiochemical_protein,regression,lightgbm,combined,45730,9,87.0,96.0,98.10844563594804,1.8915543640520285,RMSE,2.822314795859768,R2_Score,0.787570959694871
physiochemical_protein,regression,xgboost,combined,45730,9,87.0,96.0,94.55174359455737,5.448256405442641,RMSE,2.823434507830691,R2_Score,0.7874023700511138
physiochemical_protein,regression,catboost,embed-only,45730,9,87.0,87.0,100.00000000000009,0.0,RMSE,2.816684145313216,R2_Score,0.788417726003264
physiochemical_protein,regression,lightgbm,embed-only,45730,9,87.0,87.0,99.99999999999996,0.0,RMSE,2.823057859710526,R2_Score,0.7874590876101385
physiochemical_protein,regression,xgboost,embed-only,45730,9,87.0,87.0,100.0,0.0,RMSE,2.829790327216424,R2_Score,0.7864441377917768
polish_companies_bankruptcy,binary,catboost,raw-only,5910,64,52.0,64.0,0.0,100.00000000000004,1-AUROC,0.0480931263858093,Accuracy,0.9695431472081218
polish_companies_bankruptcy,binary,lightgbm,raw-only,5910,64,52.0,64.0,0.0,100.0,1-AUROC,0.0394678492239468,Accuracy,0.9678510998307952
polish_companies_bankruptcy,binary,xgboost,raw-only,5910,64,52.0,64.0,0.0,100.0,1-AUROC,0.0481374722838138,Accuracy,0.9627749576988156
polish_companies_bankruptcy,binary,catboost,combined,5910,64,52.0,116.0,67.25083824863007,32.74916175136991,1-AUROC,0.020720620842572,Accuracy,0.9780033840947546
polish_companies_bankruptcy,binary,lightgbm,combined,5910,64,52.0,116.0,62.94960004538992,37.05039995461009,1-AUROC,0.0150443458980044,Accuracy,0.9805414551607444
polish_companies_bankruptcy,binary,xgboost,combined,5910,64,52.0,116.0,77.68476853700588,22.31523146299413,1-AUROC,0.0159866962305986,Accuracy,0.978849407783418
polish_companies_bankruptcy,binary,catboost,embed-only,5910,64,52.0,52.0,100.00000000000004,0.0,1-AUROC,0.0190798226164079,Accuracy,0.9780033840947546
polish_companies_bankruptcy,binary,lightgbm,embed-only,5910,64,52.0,52.0,99.99999999999991,0.0,1-AUROC,0.017150776053215,Accuracy,0.9805414551607444
polish_companies_bankruptcy,binary,xgboost,embed-only,5910,64,52.0,52.0,99.99999999999996,0.0,1-AUROC,0.0172838137472284,Accuracy,0.978849407783418
qsar-biodeg,binary,catboost,raw-only,1054,41,45.0,41.0,0.0,99.99999999999996,1-AUROC,0.0443661971830986,Accuracy,0.8767772511848341
qsar-biodeg,binary,lightgbm,raw-only,1054,41,45.0,41.0,0.0,99.99999999999994,1-AUROC,0.0425553319919518,Accuracy,0.8862559241706162
qsar-biodeg,binary,xgboost,raw-only,1054,41,45.0,41.0,0.0,100.0,1-AUROC,0.0456740442655936,Accuracy,0.8909952606635071
qsar-biodeg,binary,catboost,combined,1054,41,45.0,86.0,46.626200871080485,53.37379912891953,1-AUROC,0.0531187122736417,Accuracy,0.8720379146919431
qsar-biodeg,binary,lightgbm,combined,1054,41,45.0,86.0,44.19566229372685,55.80433770627319,1-AUROC,0.0523138832997988,Accuracy,0.8862559241706162
qsar-biodeg,binary,xgboost,combined,1054,41,45.0,86.0,51.2176943081037,48.78230569189628,1-AUROC,0.0585513078470825,Accuracy,0.8815165876777251
qsar-biodeg,binary,catboost,embed-only,1054,41,45.0,45.0,100.0,0.0,1-AUROC,0.080784708249497,Accuracy,0.8530805687203792
qsar-biodeg,binary,lightgbm,embed-only,1054,41,45.0,45.0,100.00000000000004,0.0,1-AUROC,0.0845070422535211,Accuracy,0.8578199052132701
qsar-biodeg,binary,xgboost,embed-only,1054,41,45.0,45.0,100.0,0.0,1-AUROC,0.0865191146881287,Accuracy,0.8578199052132701
qsar-tid-11,regression,catboost,raw-only,5742,1024,41.0,1024.0,0.0,100.00000000000011,RMSE,0.7154940611723354,R2_Score,0.7789168044932941
qsar-tid-11,regression,lightgbm,raw-only,5742,1024,41.0,1024.0,0.0,99.99999999999996,RMSE,0.7004650139883273,R2_Score,0.7881070225445365
qsar-tid-11,regression,xgboost,raw-only,5742,1024,41.0,1024.0,0.0,100.0,RMSE,0.6994816710412282,R2_Score,0.7887015339218664
qsar-tid-11,regression,catboost,combined,5742,1024,41.0,1065.0,85.95728360520133,14.04271639479862,RMSE,0.6711319962254191,R2_Score,0.805482107691494
qsar-tid-11,regression,lightgbm,combined,5742,1024,41.0,1065.0,98.18289272515554,1.817107274844497,RMSE,0.6739301916334305,R2_Score,0.8038566934143591
qsar-tid-11,regression,xgboost,combined,5742,1024,41.0,1065.0,96.59394848996531,3.406051510034632,RMSE,0.671415882614247,R2_Score,0.8053175121679379
qsar-tid-11,regression,catboost,embed-only,5742,1024,41.0,41.0,99.99999999999996,0.0,RMSE,0.6709241132691084,R2_Score,0.8056025927587174
qsar-tid-11,regression,lightgbm,embed-only,5742,1024,41.0,41.0,100.0,0.0,RMSE,0.6739711801198027,R2_Score,0.8038328337866592
qsar-tid-11,regression,xgboost,embed-only,5742,1024,41.0,41.0,100.0,0.0,RMSE,0.6708979541260522,R2_Score,0.8056177514639974
qsar_fish_toxicity,regression,catboost,raw-only,907,6,75.0,6.0,0.0,100.0,RMSE,0.9268415458926704,R2_Score,0.6570455221919107
qsar_fish_toxicity,regression,lightgbm,raw-only,907,6,75.0,6.0,0.0,100.0,RMSE,0.9325424224333888,R2_Score,0.6528136142684161
qsar_fish_toxicity,regression,xgboost,raw-only,907,6,75.0,6.0,0.0,100.0,RMSE,0.937037306160506,R2_Score,0.6494586496516555
qsar_fish_toxicity,regression,catboost,combined,907,6,75.0,81.0,92.07181870862114,7.928181291378855,RMSE,0.8967370162690773,R2_Score,0.6789625579244207
qsar_fish_toxicity,regression,lightgbm,combined,907,6,75.0,81.0,72.32179574734334,27.678204252656627,RMSE,0.8926158370005411,R2_Score,0.6819065930575647
qsar_fish_toxicity,regression,xgboost,combined,907,6,75.0,81.0,80.77381035467201,19.226189645328034,RMSE,0.8884946279559683,R2_Score,0.6848370881029116
qsar_fish_toxicity,regression,catboost,embed-only,907,6,75.0,75.0,99.99999999999996,0.0,RMSE,0.8894984820698774,R2_Score,0.6841245203433508
qsar_fish_toxicity,regression,lightgbm,embed-only,907,6,75.0,75.0,100.0,0.0,RMSE,0.8938611736409027,R2_Score,0.6810183952644248
qsar_fish_toxicity,regression,xgboost,embed-only,907,6,75.0,75.0,100.00000000000004,0.0,RMSE,0.9026043376650362,R2_Score,0.6747477389011899
sdss17,multiclass,catboost,raw-only,78053,11,21.0,11.0,0.0,100.00000000000004,Log_Loss,0.0754891642706935,Accuracy,0.976875280251105
sdss17,multiclass,lightgbm,raw-only,78053,11,21.0,11.0,0.0,100.0,Log_Loss,0.0750650944532456,Accuracy,0.9767471654602524
sdss17,multiclass,xgboost,raw-only,78053,11,21.0,11.0,0.0,100.0,Log_Loss,0.0774043872952461,Accuracy,0.9756581897380052
sdss17,multiclass,catboost,combined,78053,11,21.0,32.0,49.33692573151578,50.663074268484216,Log_Loss,0.0644853332267292,Accuracy,0.9799500352315674
sdss17,multiclass,lightgbm,combined,78053,11,21.0,32.0,55.30778221536109,44.69221778463891,Log_Loss,0.0624072421855011,Accuracy,0.9803343796041252
sdss17,multiclass,xgboost,combined,78053,11,21.0,32.0,47.72643118174635,52.27356881825364,Log_Loss,0.0630601048469543,Accuracy,0.9803343796041252
sdss17,multiclass,catboost,embed-only,78053,11,21.0,21.0,99.99999999999996,0.0,Log_Loss,0.0666056867594136,Accuracy,0.978989174300173
sdss17,multiclass,lightgbm,embed-only,78053,11,21.0,21.0,100.0,0.0,Log_Loss,0.0645621653804081,Accuracy,0.9793735186727308
sdss17,multiclass,xgboost,embed-only,78053,11,21.0,21.0,100.0,0.0,Log_Loss,0.0653732791543006,Accuracy,0.9791813464864518
seismic-bumps,binary,catboost,raw-only,2584,15,25.0,15.0,0.0,100.0,1-AUROC,0.2300267933260259,Accuracy,0.9342359767891684
seismic-bumps,binary,lightgbm,raw-only,2584,15,25.0,15.0,0.0,100.0,1-AUROC,0.2398916088174401,Accuracy,0.9342359767891684
seismic-bumps,binary,xgboost,raw-only,2584,15,25.0,15.0,0.0,100.0,1-AUROC,0.2121544269881866,Accuracy,0.9342359767891684
seismic-bumps,binary,catboost,combined,2584,15,25.0,40.0,58.02580317800171,41.9741968219983,1-AUROC,0.2394349043965412,Accuracy,0.9342359767891684
seismic-bumps,binary,lightgbm,combined,2584,15,25.0,40.0,47.75211971698776,52.24788028301224,1-AUROC,0.225216173425892,Accuracy,0.9342359767891684
seismic-bumps,binary,xgboost,combined,2584,15,25.0,40.0,70.21354848846212,29.78645151153788,1-AUROC,0.2159907441237365,Accuracy,0.9361702127659576
seismic-bumps,binary,catboost,embed-only,2584,15,25.0,25.0,100.0,0.0,1-AUROC,0.2267689684569479,Accuracy,0.9400386847195358
seismic-bumps,binary,lightgbm,embed-only,2584,15,25.0,25.0,100.00000000000004,0.0,1-AUROC,0.221471197174522,Accuracy,0.9342359767891684
seismic-bumps,binary,xgboost,embed-only,2584,15,25.0,25.0,100.0,0.0,1-AUROC,0.2455242966751918,Accuracy,0.9323017408123792
splice,multiclass,catboost,raw-only,3190,60,33.0,60.0,0.0,100.0,Log_Loss,0.1018967480568208,Accuracy,0.9686520376175548
splice,multiclass,lightgbm,raw-only,3190,60,33.0,60.0,0.0,100.00000000000004,Log_Loss,0.0933683619809021,Accuracy,0.974921630094044
splice,multiclass,xgboost,raw-only,3190,60,33.0,60.0,0.0,100.0,Log_Loss,0.5641608834266663,Accuracy,0.7586206896551724
splice,multiclass,catboost,combined,3190,60,33.0,93.0,41.68365377524216,58.316346224757815,Log_Loss,0.1067107279202262,Accuracy,0.9702194357366772
splice,multiclass,lightgbm,combined,3190,60,33.0,93.0,38.46486385674093,61.53513614325908,Log_Loss,0.1017659203746744,Accuracy,0.9780564263322884
splice,multiclass,xgboost,combined,3190,60,33.0,93.0,37.00026703908928,62.99973296091074,Log_Loss,0.2739691138267517,Accuracy,0.9059561128526644
splice,multiclass,catboost,embed-only,3190,60,33.0,33.0,100.0,0.0,Log_Loss,0.1266767502618467,Accuracy,0.9670846394984326
splice,multiclass,lightgbm,embed-only,3190,60,33.0,33.0,99.99999999999996,0.0,Log_Loss,0.1189331590530492,Accuracy,0.963949843260188
splice,multiclass,xgboost,embed-only,3190,60,33.0,33.0,100.00000000000004,0.0,Log_Loss,0.1260437220335006,Accuracy,0.9592476489028212
students_dropout_and_academic_success,multiclass,catboost,raw-only,4424,36,29.0,36.0,0.0,99.99999999999996,Log_Loss,0.5421910598045457,Accuracy,0.7796610169491526
students_dropout_and_academic_success,multiclass,lightgbm,raw-only,4424,36,29.0,36.0,0.0,100.00000000000004,Log_Loss,0.5414782310066686,Accuracy,0.7807909604519774
students_dropout_and_academic_success,multiclass,xgboost,raw-only,4424,36,29.0,36.0,0.0,100.00000000000004,Log_Loss,0.5605431199073792,Accuracy,0.7740112994350282
students_dropout_and_academic_success,multiclass,catboost,combined,4424,36,29.0,65.0,40.20723497932424,59.79276502067576,Log_Loss,0.5306149617954237,Accuracy,0.792090395480226
students_dropout_and_academic_success,multiclass,lightgbm,combined,4424,36,29.0,65.0,48.674100917906486,51.32589908209352,Log_Loss,0.5275395561950518,Accuracy,0.7932203389830509
students_dropout_and_academic_success,multiclass,xgboost,combined,4424,36,29.0,65.0,39.02515885763027,60.97484114236973,Log_Loss,0.5620919466018677,Accuracy,0.7762711864406779
students_dropout_and_academic_success,multiclass,catboost,embed-only,4424,36,29.0,29.0,100.0,0.0,Log_Loss,0.5489104321604945,Accuracy,0.7830508474576271
students_dropout_and_academic_success,multiclass,lightgbm,embed-only,4424,36,29.0,29.0,100.0,0.0,Log_Loss,0.5492278260986297,Accuracy,0.7819209039548023
students_dropout_and_academic_success,multiclass,xgboost,embed-only,4424,36,29.0,29.0,100.0,0.0,Log_Loss,0.5520405173301697,Accuracy,0.7819209039548023
superconductivity,regression,catboost,raw-only,21263,81,70.0,81.0,0.0,100.00000000000006,RMSE,9.477370214177132,R2_Score,0.9235353799895172
superconductivity,regression,lightgbm,raw-only,21263,81,70.0,81.0,0.0,99.99999999999994,RMSE,9.370197612453936,R2_Score,0.9252549661125936
superconductivity,regression,xgboost,raw-only,21263,81,70.0,81.0,0.0,100.00000000000004,RMSE,9.36118095953046,R2_Score,0.9253987465952442
superconductivity,regression,catboost,combined,21263,81,70.0,151.0,92.50810322199445,7.491896778005592,RMSE,8.734822635214133,R2_Score,0.9350479257624608
superconductivity,regression,lightgbm,combined,21263,81,70.0,151.0,75.75592271482853,24.244077285171503,RMSE,8.929109126394765,R2_Score,0.9321263656512512
superconductivity,regression,xgboost,combined,21263,81,70.0,151.0,65.839158596409,34.160841403590986,RMSE,8.903272719470293,R2_Score,0.9325185825616504
superconductivity,regression,catboost,embed-only,21263,81,70.0,70.0,100.00000000000006,0.0,RMSE,8.773076442071979,R2_Score,0.9344777699732728
superconductivity,regression,lightgbm,embed-only,21263,81,70.0,70.0,100.00000000000004,0.0,RMSE,8.895932496816775,R2_Score,0.9326298055826608
superconductivity,regression,xgboost,embed-only,21263,81,70.0,70.0,100.00000000000004,0.0,RMSE,8.898301226406106,R2_Score,0.9325939233366976
taiwanese_bankruptcy_prediction,binary,catboost,raw-only,6819,94,32.0,94.0,0.0,100.0,1-AUROC,0.053391873278237,Accuracy,0.9736070381231672
taiwanese_bankruptcy_prediction,binary,lightgbm,raw-only,6819,94,32.0,94.0,0.0,100.0,1-AUROC,0.0433195592286501,Accuracy,0.9743401759530792
taiwanese_bankruptcy_prediction,binary,xgboost,raw-only,6819,94,32.0,94.0,0.0,99.99999999999996,1-AUROC,0.0419077134986225,Accuracy,0.9765395894428152
taiwanese_bankruptcy_prediction,binary,catboost,combined,6819,94,32.0,126.0,21.84051968827748,78.15948031172248,1-AUROC,0.0434917355371899,Accuracy,0.9728739002932552
taiwanese_bankruptcy_prediction,binary,lightgbm,combined,6819,94,32.0,126.0,23.563873777209466,76.43612622279049,1-AUROC,0.0446280991735537,Accuracy,0.9728739002932552
taiwanese_bankruptcy_prediction,binary,xgboost,combined,6819,94,32.0,126.0,23.55625884805568,76.44374115194432,1-AUROC,0.0378443526170798,Accuracy,0.9772727272727272
taiwanese_bankruptcy_prediction,binary,catboost,embed-only,6819,94,32.0,32.0,100.00000000000006,0.0,1-AUROC,0.0373450413223139,Accuracy,0.9728739002932552
taiwanese_bankruptcy_prediction,binary,lightgbm,embed-only,6819,94,32.0,32.0,100.0,0.0,1-AUROC,0.0429752066115702,Accuracy,0.9743401759530792
taiwanese_bankruptcy_prediction,binary,xgboost,embed-only,6819,94,32.0,32.0,100.0,0.0,1-AUROC,0.0389979338842975,Accuracy,0.9750733137829912
website_phishing,multiclass,catboost,raw-only,1353,9,27.0,9.0,0.0,100.0,Log_Loss,0.3340212817122421,Accuracy,0.8782287822878229
website_phishing,multiclass,lightgbm,raw-only,1353,9,27.0,9.0,0.0,100.0,Log_Loss,0.2566152769705148,Accuracy,0.8892988929889298
website_phishing,multiclass,xgboost,raw-only,1353,9,27.0,9.0,0.0,100.0,Log_Loss,0.3052724003791809,Accuracy,0.8745387453874539
website_phishing,multiclass,catboost,combined,1353,9,27.0,36.0,71.93671158744742,28.063288412552563,Log_Loss,0.3077645358287081,Accuracy,0.8966789667896679
website_phishing,multiclass,lightgbm,combined,1353,9,27.0,36.0,57.744545249156914,42.25545475084309,Log_Loss,0.2942523890260506,Accuracy,0.8929889298892989
website_phishing,multiclass,xgboost,combined,1353,9,27.0,36.0,63.995607502578224,36.00439249742177,Log_Loss,0.3076291084289551,Accuracy,0.8929889298892989
website_phishing,multiclass,catboost,embed-only,1353,9,27.0,27.0,100.0,0.0,Log_Loss,0.3834155195450947,Accuracy,0.8892988929889298
website_phishing,multiclass,lightgbm,embed-only,1353,9,27.0,27.0,100.0,0.0,Log_Loss,0.3119867623692315,Accuracy,0.8929889298892989
website_phishing,multiclass,xgboost,embed-only,1353,9,27.0,27.0,100.0,0.0,Log_Loss,0.3283531963825226,Accuracy,0.8892988929889298
wine_quality,regression,catboost,raw-only,6497,12,25.0,12.0,0.0,100.0,RMSE,0.5801966195619873,R2_Score,0.5500175845259488
wine_quality,regression,lightgbm,raw-only,6497,12,25.0,12.0,0.0,100.0,RMSE,0.5841833595343792,R2_Score,0.5438123557998722
wine_quality,regression,xgboost,raw-only,6497,12,25.0,12.0,0.0,100.0,RMSE,0.5881288007513703,R2_Score,0.5376295728367766
wine_quality,regression,catboost,combined,6497,12,25.0,37.0,89.46930680544246,10.530693194557513,RMSE,0.567375187040876,R2_Score,0.5696856468333704
wine_quality,regression,lightgbm,combined,6497,12,25.0,37.0,90.75124749172686,9.248752508273116,RMSE,0.5665445830199877,R2_Score,0.5709446346022005
wine_quality,regression,xgboost,combined,6497,12,25.0,37.0,93.92765767701368,6.0723423229863,RMSE,0.5674903008243241,R2_Score,0.5695110176305295
wine_quality,regression,catboost,embed-only,6497,12,25.0,25.0,99.99999999999996,0.0,RMSE,0.5734882938910604,R2_Score,0.5603629659221023
wine_quality,regression,lightgbm,embed-only,6497,12,25.0,25.0,100.00000000000004,0.0,RMSE,0.568170449467554,R2_Score,0.5684784996892334
wine_quality,regression,xgboost,embed-only,6497,12,25.0,25.0,99.99999999999996,0.0,RMSE,0.5664019847940158,R2_Score,0.571160592307975
